Time,Time,Value,reconstruction_error,is_anomaly
2024-01-10,2024-01-10,4.111501429997335,0.000776207695109573,False
2024-01-11,2024-01-11,1.4443718781627044,0.0006889932095479727,False
2024-01-12,2024-01-12,-1.2871777752848717,0.00033986806929317255,False
2024-01-13,2024-01-13,-4.685707854555412,0.000448064156119774,False
2024-01-14,2024-01-14,-28.2483802956421,0.011051817158362082,False
2024-01-15,2024-01-15,-6.373193936899103,0.00956981336830956,False
2024-01-16,2024-01-16,-7.481027948889317,0.008924660023495457,False
2024-01-17,2024-01-17,-6.070988767175411,0.009525296027613057,False
2024-01-18,2024-01-18,-4.739812407536895,0.011261930973024702,False
2024-01-19,2024-01-19,-3.57204065279322,0.012322244536670678,False
2024-01-20,2024-01-20,0.7786814782734601,0.012722204621895694,False
2024-01-21,2024-01-21,3.453399063167784,0.01006393072607548,False
2024-01-22,2024-01-22,6.215533479094472,0.008737364726618367,False
2024-01-23,2024-01-23,8.638755026159567,0.0076262973573651745,False
2024-01-24,2024-01-24,10.914192188898925,0.00015861834752204528,False
2024-01-25,2024-01-25,11.295401601414977,4.626262561930055e-05,False
2024-01-26,2024-01-26,14.24791666701844,0.00013485044777404627,False
2024-01-27,2024-01-27,12.558563400783688,0.00031810283322990544,False
2024-01-28,2024-01-28,12.53739758791615,0.00040849263884267363,False
2024-01-29,2024-01-29,9.043201557112775,0.0003177960119991774,False
2024-01-30,2024-01-30,6.394747371310336,0.0003668817955618087,False
2024-01-31,2024-01-31,4.679687072729742,0.00036213037748288274,False
2024-02-01,2024-02-01,-1.7268618313349795,0.0009061004836910632,False
2024-02-02,2024-02-02,-1.7209035903425336,0.0005946054137546575,False
2024-02-03,2024-02-03,-2.5746392783922123,0.0004072510886321548,False
2024-02-04,2024-02-04,-4.572050648091646,0.00020366108838181576,False
2024-02-05,2024-02-05,-4.747019188969649,0.00033712306493787446,False
2024-02-06,2024-02-06,-6.104355507552678,0.0005277746838223428,False
2024-02-07,2024-02-07,-4.594844346837874,0.0006159540318700767,False
2024-02-08,2024-02-08,-0.6786937101599971,0.0014248585869555846,False
2024-02-09,2024-02-09,1.0674151940968133,0.0018924022476400203,False
2024-02-10,2024-02-10,6.0771170951901805,0.0018420655447440519,False
2024-02-11,2024-02-11,8.599299570630661,0.001770429432295243,False
2024-02-12,2024-02-12,11.71066036871719,0.0012018544039977541,False
2024-02-13,2024-02-13,14.171383890814845,0.0004861120861397279,False
2024-02-14,2024-02-14,13.945836124892775,0.00016455819807451372,False
2024-02-15,2024-02-15,16.149133733217862,0.00016642058816402245,False
2024-02-16,2024-02-16,13.008161752108297,0.0004889847963951231,False
2024-02-17,2024-02-17,12.866703386002008,0.0004228626472836847,False
2024-02-18,2024-02-18,11.06788243875487,0.00043475349050247817,False
2024-02-19,2024-02-19,8.694947400086289,0.000217968354883263,False
2024-02-20,2024-02-20,5.430380092225871,0.00034892737589785713,False
2024-02-21,2024-02-21,0.0239354689919368,0.0007351266078400142,False
2024-02-22,2024-02-22,-1.3182016519685684,0.0004972069108887449,False
2024-02-23,2024-02-23,-21.591689193869325,0.007602212926335884,False
2024-02-24,2024-02-24,-4.106387521018086,0.006306243899199458,False
2024-02-25,2024-02-25,-4.504758966988646,0.006123846226941966,False
2024-02-26,2024-02-26,-3.623533178982712,0.006818356933946693,False
2024-02-27,2024-02-27,-3.347416715110766,0.008674304996796637,False
2024-02-28,2024-02-28,0.622313711541046,0.010735420421154334,False
2024-02-29,2024-02-29,-15.25264885854549,0.010227585678934304,False
2024-03-01,2024-03-01,5.051397452980099,0.01111274180557679,False
2024-03-02,2024-03-02,6.99320903323868,0.01168329831969452,False
2024-03-03,2024-03-03,11.194285550376486,0.010630866386584958,False
2024-03-04,2024-03-04,13.215509502963616,0.007246400928131896,False
2024-03-05,2024-03-05,15.63201588286572,0.0064195021669650534,False
2024-03-06,2024-03-06,15.317964336449254,0.005274115367824171,False
2024-03-07,2024-03-07,13.18112944854234,0.005055082630510341,False
2024-03-08,2024-03-08,12.027326125362132,0.006099484553140887,False
2024-03-09,2024-03-09,10.052675496104868,0.007432603976661701,False
2024-03-10,2024-03-10,7.501006239956886,0.0003320503094242968,False
2024-03-11,2024-03-11,3.2880493726764968,0.0006512313883743571,False
2024-03-12,2024-03-12,0.8051086699239652,0.0004622933049983532,False
2024-03-13,2024-03-13,-0.0913888884813181,0.0002054857257780858,False
2024-03-14,2024-03-14,-3.581445846753792,0.0001468863890138258,False
2024-03-15,2024-03-15,-6.086549868449422,0.00014375449563966322,False
2024-03-16,2024-03-16,-6.094370700610387,0.00011731748628720353,False
2024-03-17,2024-03-17,-6.3967967602354046,0.00022284738997961225,False
2024-03-18,2024-03-18,-5.472385099683359,0.0004583373039690723,False
2024-03-19,2024-03-19,-1.72911957504859,0.001280688699893218,False
2024-03-20,2024-03-20,-3.319826592222168,0.0010774433968576867,False
2024-03-21,2024-03-21,3.0781059951198784,0.0018731614036270623,False
2024-03-22,2024-03-22,5.490717673883635,0.0018025432752243453,False
2024-03-23,2024-03-23,8.175324155843079,0.0009913058534617059,False
2024-03-24,2024-03-24,10.698021655205972,0.0005038175745801346,False
2024-03-25,2024-03-25,11.792323778155378,0.0002876567880663905,False
2024-03-26,2024-03-26,13.04968567446985,0.00021550190586832382,False
2024-03-27,2024-03-27,11.29235639772915,0.0004421082535447037,False
2024-03-28,2024-03-28,7.257069514103303,0.0011739776916955668,False
2024-03-29,2024-03-29,-10.630284519129264,0.00854824459158052,False
2024-03-30,2024-03-30,3.893049026976411,0.006206277631706586,False
2024-03-31,2024-03-31,3.221802151829194,0.005772382263182588,False
2024-04-01,2024-04-01,-0.4029875414276489,0.005526748944755983,False
2024-04-02,2024-04-02,-4.805733952808304,0.005359078633754269,False
2024-04-03,2024-04-03,-6.613201782475868,0.00547074630629166,False
2024-04-04,2024-04-04,-8.11352700181114,0.005618383108282704,False
2024-04-05,2024-04-05,-8.849388679910941,0.005908717947182782,False
2024-04-06,2024-04-06,-8.342503096796346,0.005610171249948826,False
2024-04-07,2024-04-07,-6.399116132093896,0.004142830950217395,False
2024-04-08,2024-04-08,-5.33151270525883,0.0008591964569256653,False
2024-04-09,2024-04-09,-2.875776472439093,0.001540161145957833,False
2024-04-10,2024-04-10,-0.5977618152517908,0.0012175606430566651,False
2024-04-11,2024-04-11,2.8076569570965697,0.0006101209432880098,False
2024-04-12,2024-04-12,6.917625443436401,0.0004893225697689226,False
2024-04-13,2024-04-13,6.4982807720676,0.00018510233136031918,False
2024-04-14,2024-04-14,7.670797212718874,0.0001490551077729986,False
2024-04-15,2024-04-15,9.08675690250936,0.00026984429783939224,False
2024-04-16,2024-04-16,9.533107204590452,0.00044903129724505113,False
2024-04-17,2024-04-17,6.67172656772489,0.0009450434010270141,False
2024-04-18,2024-04-18,5.47711118502288,0.000980562933799068,False
2024-04-19,2024-04-19,0.501415753171411,0.001220101784814711,False
2024-04-20,2024-04-20,-3.2490097351544853,0.001328940384318602,False
2024-04-21,2024-04-21,-3.498968746174272,0.0009448253216051865,False
2024-04-22,2024-04-22,-6.997132676241371,0.0010653348086705448,False
2024-04-23,2024-04-23,-10.890890812213993,0.0010374824707319596,False
2024-04-24,2024-04-24,-11.382452983541407,0.0005781204391296724,False
2024-04-25,2024-04-25,-12.418121845587226,0.00034704761837946066,False
2024-04-26,2024-04-26,-11.955983639958095,0.0002833829860266103,False
2024-04-27,2024-04-27,-10.311830976192873,0.0006923083427935393,False
2024-04-28,2024-04-28,-8.460021443761377,0.0009229091189527746,False
2024-04-29,2024-04-29,-3.96176702441408,0.0013084813968858556,False
2024-04-30,2024-04-30,-4.195013054480953,0.0011652884021145459,False
2024-05-01,2024-05-01,0.2847306282305781,0.0006511600002701213,False
2024-05-02,2024-05-02,2.795245474462876,0.00022851781217521073,False
2024-05-03,2024-05-03,3.995258650014674,0.000223867155761454,False
2024-05-04,2024-05-04,4.576664994084563,0.00038900251867795145,False
2024-05-05,2024-05-05,5.283503220174953,0.0007027102331896879,False
2024-05-06,2024-05-06,6.892617236037296,0.0008778257157975849,False
2024-05-07,2024-05-07,3.989975996727574,0.0012965874840215632,False
2024-05-08,2024-05-08,21.071543859931747,0.0036919801829344576,False
2024-05-09,2024-05-09,-2.8123485404906963,0.006959098243000566,False
2024-05-10,2024-05-10,-3.066739956699502,0.007941161578743208,False
2024-05-11,2024-05-11,-6.785228098750983,0.008783433551948393,False
2024-05-12,2024-05-12,-9.34980400836753,0.00951460250095747,False
2024-05-13,2024-05-13,-10.395715862809883,0.009441232672482723,False
2024-05-14,2024-05-14,-13.763468689412068,0.008395394189358859,False
2024-05-15,2024-05-15,-14.737041786400033,0.006795091198189071,False
2024-05-16,2024-05-16,-13.149392771066596,0.006102365691460327,False
2024-05-17,2024-05-17,-13.163801950235902,0.006052288688731181,False
2024-05-18,2024-05-18,-10.330100337134413,0.000842690047317219,False
2024-05-19,2024-05-19,-8.049252499207308,0.0010579137252044793,False
2024-05-20,2024-05-20,-5.138410726814842,0.0007561043585904995,False
2024-05-21,2024-05-21,-1.2702617500263016,0.0006798513126510277,False
2024-05-22,2024-05-22,1.188254556843317,0.0006403459376244196,False
2024-05-23,2024-05-23,3.5153541841561173,0.0004627740854660278,False
2024-05-24,2024-05-24,4.695310834624409,0.0005246506071332404,False
2024-05-25,2024-05-25,5.282110053995093,0.0006028948450308332,False
2024-05-26,2024-05-26,7.004617359372913,0.000858576678397425,False
2024-05-27,2024-05-27,2.7125687300448704,0.0018023837481713138,False
2024-05-28,2024-05-28,1.2670304267187966,0.0025659948879342884,False
2024-05-29,2024-05-29,-2.97862769332113,0.0029473400605606326,False
2024-05-30,2024-05-30,-5.817403502923547,0.002455206545934633,False
2024-05-31,2024-05-31,-7.980770297904193,0.0022239971583428676,False
2024-06-01,2024-06-01,-10.105748183806291,0.0017643572391133518,False
2024-06-02,2024-06-02,-11.778375852223045,0.0011488370702514073,False
2024-06-03,2024-06-03,-13.49605987911055,0.0005453856199950476,False
2024-06-04,2024-06-04,-15.050649378391777,0.0003330864195662098,False
2024-06-05,2024-06-05,-14.616762511857369,0.0006132986331248471,False
2024-06-06,2024-06-06,-14.2345153148491,0.0009616371935296169,False
2024-06-07,2024-06-07,-10.867783788301614,0.000872198795298049,False
2024-06-08,2024-06-08,-7.381511615540344,0.0008908330754826999,False
2024-06-09,2024-06-09,-4.33054097849951,0.0009138664925689566,False
2024-06-10,2024-06-10,-2.5137293206128137,0.0006766392300129406,False
2024-06-11,2024-06-11,-0.4658862732454327,0.000501445094467929,False
2024-06-12,2024-06-12,26.720076080611555,0.013679414591387162,False
2024-06-13,2024-06-13,6.8114021027541,0.012585247153428186,False
2024-06-14,2024-06-14,6.332002831972425,0.011756979469409115,False
2024-06-15,2024-06-15,3.5923183775844296,0.01269533567203619,False
2024-06-16,2024-06-16,1.677758144765026,0.014636513557836104,False
2024-06-17,2024-06-17,-0.2673491337022624,0.015139616801941438,False
2024-06-18,2024-06-18,19.80165798572447,0.01824319650488557,False
2024-06-19,2024-06-19,-5.479703245641484,0.018857371724773024,False
2024-06-20,2024-06-20,-6.352327922289614,0.017824308431982315,False
2024-06-21,2024-06-21,-9.870177225269636,0.015430056086553443,False
2024-06-22,2024-06-22,-10.612965696496564,0.010271355549795249,False
2024-06-23,2024-06-23,-13.998504156905488,0.0108090436516349,False
2024-06-24,2024-06-24,-13.4451871770185,0.010150965342043645,False
2024-06-25,2024-06-25,-12.007925774516426,0.008749621284382246,False
2024-06-26,2024-06-26,-11.185245392843388,0.007671688857365607,False
2024-06-27,2024-06-27,-8.954178172733005,0.008865492222440425,False
2024-06-28,2024-06-28,-5.775109533633271,0.0008123395319361581,False
2024-06-29,2024-06-29,-3.4267336841887355,0.000780558847068112,False
2024-06-30,2024-06-30,-0.9290126545672376,0.0003354702260203163,False
2024-07-01,2024-07-01,3.8167578798350617,0.0005189422379244196,False
2024-07-02,2024-07-02,2.914261086463092,0.0003533926377341804,False
2024-07-03,2024-07-03,6.074723785371842,0.00041508682320129717,False
2024-07-04,2024-07-04,6.972523825267388,0.0005134810695757533,False
2024-07-05,2024-07-05,7.790782684948607,0.0007340900994639934,False
2024-07-06,2024-07-06,4.5360998421022,0.0013702371836584982,False
2024-07-07,2024-07-07,3.624724516385858,0.0016750120706148495,False
2024-07-08,2024-07-08,3.4356894409700103,0.0012834151787329182,False
2024-07-09,2024-07-09,-0.0457936728803558,0.0009567582631872365,False
2024-07-10,2024-07-10,-3.8209635962450905,0.0008807033856209629,False
2024-07-11,2024-07-11,-6.13265401036856,0.0011970751167369631,False
2024-07-12,2024-07-12,-10.249282692204911,0.001237145360845932,False
2024-07-13,2024-07-13,-8.712049550962295,0.0008845506795843415,False
2024-07-14,2024-07-14,-11.840231495985158,0.0007047378200648762,False
2024-07-15,2024-07-15,-10.191364681440408,0.000509639338848339,False
2024-07-16,2024-07-16,-8.391647065815793,0.0005121440728162507,False
2024-07-17,2024-07-17,-6.758090513151417,0.001144883378991433,False
2024-07-18,2024-07-18,-4.038591861239101,0.0014035183409541248,False
2024-07-19,2024-07-19,1.0938393249708247,0.0014397828461409578,False
2024-07-20,2024-07-20,5.2179921372873785,0.001298354977944214,False
2024-07-21,2024-07-21,-15.99485616786002,0.007364033460241405,False
2024-07-22,2024-07-22,7.452580329236281,0.008106578064266422,False
2024-07-23,2024-07-23,9.38772127324508,0.008800696838428131,False
2024-07-24,2024-07-24,11.670195454688976,0.009238368480079669,False
2024-07-25,2024-07-25,11.898238878128469,0.009066281818831508,False
2024-07-26,2024-07-26,8.165740723315055,0.00851272796659765,False
2024-07-27,2024-07-27,7.514999090966034,0.008267015836375187,False
2024-07-28,2024-07-28,5.630395952536988,0.00862855537583325,False
2024-07-29,2024-07-29,1.5981721362927137,0.010096538925929235,False
2024-07-30,2024-07-30,-1.1011505959281238,0.011384015322550909,False
2024-07-31,2024-07-31,-3.396754519019173,0.0006285674132210158,False
2024-08-01,2024-08-01,-7.928392951499432,0.0007107742887701099,False
2024-08-02,2024-08-02,-5.614874205119725,0.00038811751033098835,False
2024-08-03,2024-08-03,-6.588716165902035,0.00034381959485879664,False
2024-08-04,2024-08-04,-6.974566714265553,0.00037513740176896743,False
2024-08-05,2024-08-05,-4.734094350761636,0.0008392355304040821,False
2024-08-06,2024-08-06,-2.630157609795269,0.0014219251256280961,False
2024-08-07,2024-08-07,-0.8532251625452019,0.0013784637482119953,False
2024-08-08,2024-08-08,4.134060107305393,0.0015336236207325723,False
2024-08-09,2024-08-09,5.789218642575497,0.0009812078267045466,False
2024-08-10,2024-08-10,8.397209756638393,0.0003277777378734404,False
2024-08-11,2024-08-11,10.199967435656925,0.00021736012440281058,False
2024-08-12,2024-08-12,14.02850352266272,0.00017797181983108455,False
2024-08-13,2024-08-13,14.21825559392854,0.00015666935222643922,False
2024-08-14,2024-08-14,13.160164441383396,0.000251752321003673,False
2024-08-15,2024-08-15,-13.580761064856077,0.013207072362190462,False
2024-08-16,2024-08-16,9.391542627281249,0.011380612763886456,False
2024-08-17,2024-08-17,5.46008570598258,0.0106812054249517,False
2024-08-18,2024-08-18,5.003317638566831,0.011240677180485098,False
2024-08-19,2024-08-19,1.4465256987512554,0.011409595004270554,False
2024-08-20,2024-08-20,-1.8095863379753017,0.011365492983783643,False
2024-08-21,2024-08-21,-3.161276863320724,0.011308412067528383,False
2024-08-22,2024-08-22,-5.257437210107384,0.01109320220609452,False
2024-08-23,2024-08-23,-5.968775728334041,0.01037195031650703,False
2024-08-24,2024-08-24,-7.555938961643005,0.008487537704290256,False
2024-08-25,2024-08-25,14.93598127400142,0.01021800561336419,False
2024-08-26,2024-08-26,-0.2398798250804729,0.009415343779314819,False
2024-08-27,2024-08-27,0.5877125548462803,0.008309421481421095,False
2024-08-28,2024-08-28,3.405697694341886,0.006517314995149294,False
2024-08-29,2024-08-29,9.07343693150017,0.006211184580372514,False
2024-08-30,2024-08-30,9.536319486305969,0.0063709403340293765,False
2024-08-31,2024-08-31,12.291012062854504,0.006754160317684557,False
2024-09-01,2024-09-01,15.401009420384764,0.006944017941148581,False
2024-09-02,2024-09-02,15.125541201855148,0.006615906358679928,False
2024-09-03,2024-09-03,14.999596356934925,0.005512333713772676,False
2024-09-04,2024-09-04,12.978973697757544,0.00032773035286182595,False
2024-09-05,2024-09-05,10.245682979410056,0.0005508647543147081,False
2024-09-06,2024-09-06,9.583713151700229,0.00039047402548844683,False
2024-09-07,2024-09-07,6.415138681375176,0.00023014500878286567,False
2024-09-08,2024-09-08,-0.0200862432787805,0.0008978344279660267,False
2024-09-09,2024-09-09,0.2744394765154498,0.0005632899504210037,False
2024-09-10,2024-09-10,-3.4043446614108794,0.00037332725069382595,False
2024-09-11,2024-09-11,-4.9450554927908055,0.0002885513761807852,False
2024-09-12,2024-09-12,-5.181764020165757,0.000251883601565271,False
2024-09-13,2024-09-13,-5.923846249288099,0.00031118558454714567,False
2024-09-14,2024-09-14,-3.062173725585833,0.0008966009655488802,False
2024-09-15,2024-09-15,-0.3263628202486566,0.0021566396532798167,False
2024-09-16,2024-09-16,21.520616566033468,0.015110832032780176,False
2024-09-17,2024-09-17,4.44387806809258,0.009731169156575546,False
2024-09-18,2024-09-18,8.303046815499005,0.007676281937936009,False
2024-09-19,2024-09-19,10.26361667375143,0.006276284575147249,False
2024-09-20,2024-09-20,13.51083140870704,0.006303259077274195,False
2024-09-21,2024-09-21,12.827793034828227,0.00681150758415449,False
2024-09-22,2024-09-22,14.104903831333203,0.007348500856068782,False
2024-09-23,2024-09-23,14.286400020789362,0.007038279194670675,False
2024-09-24,2024-09-24,12.651670602912947,0.006535269972968165,False
2024-09-25,2024-09-25,10.15754273145434,0.005055809084077561,False
2024-09-26,2024-09-26,5.662378389399306,0.0005056509700580296,False
2024-09-27,2024-09-27,5.142556981405507,0.00045132821870063944,False
2024-09-28,2024-09-28,1.4997038818082555,0.0004888273377878368,False
2024-09-29,2024-09-29,-1.56841476136146,0.0002751133992107373,False
2024-09-30,2024-09-30,-3.844363856642559,0.00025545091526320686,False
2024-10-01,2024-10-01,-6.087525370410875,0.0001677420697775391,False
2024-10-02,2024-10-02,-5.328283844265804,0.00020412843579109977,False
2024-10-03,2024-10-03,-5.497881338804998,0.00036866954765788884,False
2024-10-04,2024-10-04,-4.126011404973039,0.000695078838996839,False
2024-10-05,2024-10-05,-5.066971386117174,0.0006638086441935445,False
2024-10-06,2024-10-06,-0.1650089355820549,0.001541900208567085,False
2024-10-07,2024-10-07,2.206129685812822,0.0016099024524139783,False
2024-10-08,2024-10-08,6.70400292358751,0.001511915110007138,False
2024-10-09,2024-10-09,8.266488740979645,0.0009484550012293225,False
2024-10-10,2024-10-10,9.678155563735622,0.0003811503601054237,False
2024-10-11,2024-10-11,10.68401542447131,0.00018280487802898584,False
2024-10-12,2024-10-12,11.403827313713018,0.00021578910950575424,False
2024-10-13,2024-10-13,12.55214724153572,0.00040764190621162477,False
2024-10-14,2024-10-14,11.330697847794498,0.0006533602590966083,False
2024-10-15,2024-10-15,8.576968908131743,0.00042345300306206537,False
2024-10-16,2024-10-16,28.54976430046936,0.00683345500888555,False
2024-10-17,2024-10-17,-0.2284886969497668,0.009170252418335273,False
2024-10-18,2024-10-18,-1.1244443131826096,0.01064573314095271,False
2024-10-19,2024-10-19,-4.308800082136299,0.011403911762188051,False
2024-10-20,2024-10-20,-6.005440877502109,0.011369999594438518,False
2024-10-21,2024-10-21,-8.414700604950898,0.011685372015478005,False
2024-10-22,2024-10-22,-7.41977177581162,0.010336161809982047,False
2024-10-23,2024-10-23,-9.22966418252896,0.00896567998833514,False
2024-10-24,2024-10-24,-9.160879957789485,0.00931997522764569,False
2024-10-25,2024-10-25,-7.532807149620527,0.01006876382802829,False
2024-10-26,2024-10-26,-1.2246190156128758,0.0014301972748921453,False
2024-10-27,2024-10-27,1.341385389697101,0.0020971463178457756,False
2024-10-28,2024-10-28,-17.04239327999927,0.005676867103199985,False
2024-10-29,2024-10-29,5.088284186542843,0.006769031635640001,False
2024-10-30,2024-10-30,6.598475097113305,0.0071131115419699326,False
2024-10-31,2024-10-31,9.562865267238172,0.007675984667697773,False
2024-11-01,2024-11-01,8.255930577103777,0.007379340414227683,False
2024-11-02,2024-11-02,7.6917788186671165,0.0069594514889106856,False
2024-11-03,2024-11-03,7.490376885761109,0.006636282453293234,False
2024-11-04,2024-11-04,4.011338988884481,0.007543265193632247,False
2024-11-05,2024-11-05,1.5012821389797069,0.009356269060659436,False
2024-11-06,2024-11-06,-1.313359102065305,0.010775389198263745,False
2024-11-07,2024-11-07,-5.096990607349737,0.0009596948934143538,False
2024-11-08,2024-11-08,-9.797345254142227,0.001400098887091257,False
2024-11-09,2024-11-09,-11.37760736390531,0.0012223558570597242,False
2024-11-10,2024-11-10,-12.281667122046263,0.0009561480998959209,False
2024-11-11,2024-11-11,-13.860076736644109,0.00048748411959727257,False
2024-11-12,2024-11-12,-12.962734307944975,0.00020550102452921107,False
2024-11-13,2024-11-13,-9.922325547726558,0.0006809483844458477,False
2024-11-14,2024-11-14,-8.714350746629366,0.0012786729480825302,False
2024-11-15,2024-11-15,-6.221622538124489,0.0014901613603581522,False
2024-11-16,2024-11-16,-2.8937969703646305,0.0010059645732155074,False
2024-11-17,2024-11-17,-1.2134869438248024,0.0002800063905885115,False
2024-11-18,2024-11-18,3.393752106900392,0.0003445002587062017,False
2024-11-19,2024-11-19,5.045479849468313,0.0004286748589961313,False
2024-11-20,2024-11-20,6.007430713967139,0.0004996477899961642,False
2024-11-21,2024-11-21,7.030699190544884,0.00044390063589119235,False
2024-11-22,2024-11-22,4.674550434898949,0.0009970856891619586,False
2024-11-23,2024-11-23,5.02445824277473,0.0015859904068248822,False
2024-11-24,2024-11-24,1.7170343671082586,0.0021024094655677505,False
2024-11-25,2024-11-25,-0.8258728395660336,0.001987796045962144,False
2024-11-26,2024-11-26,-5.080203904791528,0.0018980013713294861,False
2024-11-27,2024-11-27,-6.265970543567445,0.0012469098694847572,False
2024-11-28,2024-11-28,-10.332052313677014,0.0013939785070304436,False
2024-11-29,2024-11-29,-12.298084565244796,0.0012417642395122102,False
2024-11-30,2024-11-30,-13.128715381350624,0.0007569197840789804,False
2024-12-01,2024-12-01,-14.403923856567747,0.0004978486399030526,False
2024-12-02,2024-12-02,-12.307576387209332,0.00040717035377773925,False
2024-12-03,2024-12-03,-13.494984483710924,0.0007449824689920072,False
2024-12-04,2024-12-04,-10.428416658625178,0.000950904740768258,False
2024-12-05,2024-12-05,-5.966290238907584,0.0010232042365407126,False
2024-12-06,2024-12-06,-6.324221402992516,0.0008511250474781868,False
2024-12-07,2024-12-07,-1.4068130380154362,0.0005150679165074891,False
2024-12-08,2024-12-08,0.7764118529162877,0.00043518137897872387,False
2024-12-09,2024-12-09,3.2878791764204287,0.00046828489382188317,False
2024-12-10,2024-12-10,4.079057832534876,0.0005325630629862112,False
2024-12-11,2024-12-11,5.32921644080684,0.0006851739927177254,False
2024-12-12,2024-12-12,4.857625861097022,0.0011174031936133481,False
2024-12-13,2024-12-13,3.6667276831551145,0.0014776246209193885,False
2024-12-14,2024-12-14,1.3667566828367803,0.001996363314289477,False
2024-12-15,2024-12-15,-2.0989551159094804,0.002767005267430906,False
2024-12-16,2024-12-16,-4.830775288418624,0.0019546191738096194,False
2024-12-17,2024-12-17,-8.538097497059445,0.0020557986973863854,False
2024-12-18,2024-12-18,-10.5259574124734,0.0018485362205294183,False
2024-12-19,2024-12-19,-14.087450570288622,0.0017925556874364402,False
2024-12-20,2024-12-20,-14.89067439850584,0.0010676903114053182,False
2024-12-21,2024-12-21,-15.682002489137792,0.000612768352735109,False
2024-12-22,2024-12-22,-13.30090577659758,0.0006250543647719914,False
2024-12-23,2024-12-23,-13.21422792859997,0.0008977060770331844,False
2024-12-24,2024-12-24,-10.580678237313188,0.0010313235073918375,False
2024-12-25,2024-12-25,-7.882827956584419,0.0010111536129263474,False
2024-12-26,2024-12-26,-4.5628805287105045,0.0007109347540304493,False
2024-12-27,2024-12-27,-1.074238316448361,0.0007320408302289333,False
2024-12-28,2024-12-28,0.1335262629099396,0.0004982475418616048,False
2024-12-29,2024-12-29,2.745016921190263,0.0005624900107006933,False
2024-12-30,2024-12-30,5.474860075603896,0.0007069570676688497,False
2024-12-31,2024-12-31,6.215500107332618,0.0006357765575829403,False
2025-01-01,2025-01-01,4.673260434007488,0.0010615086781334475,False
2025-01-02,2025-01-02,3.573404136437592,0.0016824186824811026,False
2025-01-03,2025-01-03,2.070629067364189,0.0020526483423422386,False
2025-01-04,2025-01-04,-0.0347330341891773,0.001917494203655347,False
2025-01-05,2025-01-05,-4.020506334329048,0.0017931369408907074,False
2025-01-06,2025-01-06,-6.7616863065586585,0.0018305408968530227,False
2025-01-07,2025-01-07,-10.563557360830846,0.0017936300286658172,False
2025-01-08,2025-01-08,-12.817918401243224,0.0015470573403134923,False
2025-01-09,2025-01-09,-12.471341316177991,0.0009866399679643097,False
2025-01-10,2025-01-10,-10.96191253284486,0.0005524150068224085,False
2025-01-11,2025-01-11,-13.553157577286989,0.000415048451527798,False
2025-01-12,2025-01-12,-10.750233753771314,0.0007543697325880421,False
2025-01-13,2025-01-13,-8.756548969965,0.0011838684727646027,False
2025-01-14,2025-01-14,-5.182768691287356,0.0010789386933875678,False
2025-01-15,2025-01-15,-2.542109064814352,0.0008691132683812528,False
2025-01-16,2025-01-16,0.7172405103054584,0.0004893065597517434,False
2025-01-17,2025-01-17,3.586649982116619,0.00035717851187655616,False
2025-01-18,2025-01-18,5.587370461827774,0.0003154028037822392,False
2025-01-19,2025-01-19,8.54225218374385,0.0005479817168677745,False
2025-01-20,2025-01-20,6.710188933715139,0.0007836822556767636,False
2025-01-21,2025-01-21,7.022364955338749,0.0010267281942255252,False
2025-01-22,2025-01-22,4.752696155135824,0.0017114350661998755,False
2025-01-23,2025-01-23,5.588435546313132,0.0014119431587327302,False
2025-01-24,2025-01-24,0.0057032477307068,0.0015912510075313789,False
2025-01-25,2025-01-25,-0.1807085447835448,0.0009713169124716855,False
2025-01-26,2025-01-26,-5.435562897171718,0.0011504817429174898,False
2025-01-27,2025-01-27,-7.170801191388889,0.0010554969292626286,False
2025-01-28,2025-01-28,-8.656012641007857,0.0007964767651654824,False
2025-01-29,2025-01-29,-10.483895383068605,0.0007885561751351843,False
2025-01-30,2025-01-30,-11.021534152127956,0.0004606329908985266,False
2025-01-31,2025-01-31,-11.75585034274044,0.0003053141732114916,False
2025-02-01,2025-02-01,-10.6828152190462,0.00046891236942881267,False
2025-02-02,2025-02-02,-8.119244782971764,0.0007261555444882614,False
2025-02-03,2025-02-03,-3.4516147789423037,0.0015828198231563524,False
2025-02-04,2025-02-04,-0.7378292564129676,0.0011924876871375774,False
2025-02-05,2025-02-05,3.3474053783245425,0.0010998681976562437,False
2025-02-06,2025-02-06,7.478822822879452,0.0009766445139020442,False
2025-02-07,2025-02-07,8.165946864912069,0.0006296800604891819,False
2025-02-08,2025-02-08,8.392477503988278,0.0006129821684028976,False
2025-02-09,2025-02-09,10.737932045055912,0.0008766034723356475,False
2025-02-10,2025-02-10,10.172439908358916,0.0012080100716408836,False
2025-02-11,2025-02-11,7.667799989727293,0.0015267256631127887,False
2025-02-12,2025-02-12,2.626892383027201,0.001897248168910946,False
2025-02-13,2025-02-13,4.643499886411986,0.0011983425536031816,False
2025-02-14,2025-02-14,2.318343565838962,0.000634215341906767,False
2025-02-15,2025-02-15,2.936392604258838,0.00043386662841686605,False
2025-02-16,2025-02-16,-6.203629144863159,0.0010651399489878873,False
2025-02-17,2025-02-17,3.982004972375352,0.0019737662252771156,False
2025-02-18,2025-02-18,-23.009399577920554,0.008978685242882915,False
2025-02-19,2025-02-19,-9.290797808397286,0.00865744753246626,False
2025-02-20,2025-02-20,-13.69238135782455,0.008583799001997348,False
2025-02-21,2025-02-21,-0.669712734917602,0.01027880862739873,False
2025-02-22,2025-02-22,-6.746564520816278,0.010582128063009425,False
2025-02-23,2025-02-23,9.059770848111032,0.01810003944472306,False
2025-02-24,2025-02-24,4.177636654961379,0.018389303065838778,False
2025-02-25,2025-02-25,20.597501905727604,0.018015496378770462,False
2025-02-26,2025-02-26,32.664846816969195,0.02597789659444676,True
2025-02-27,2025-02-27,17.635218913388496,0.021789421024036422,True
2025-02-28,2025-02-28,15.68516536964553,0.011923172040134683,False
2025-03-01,2025-03-01,12.323393686720747,0.013415630808651727,False
2025-03-02,2025-03-02,21.6063668016887,0.011011355595717476,False
2025-03-03,2025-03-03,6.35170797576296,0.013823976334480514,False
2025-03-04,2025-03-04,7.173358768224688,0.009694723063373368,False
2025-03-05,2025-03-05,4.595562948424909,0.010418720484162963,False
2025-03-06,2025-03-06,9.653305798390996,0.006226987646911451,False
2025-03-07,2025-03-07,1.546007236046396,0.0068954660659319615,False
2025-03-08,2025-03-08,1.4396507311526736,0.003132131717618129,False
2025-03-09,2025-03-09,10.186088468109052,0.0055096163593347765,False
2025-03-10,2025-03-10,-2.307465159486601,0.005848345074028543,False
2025-03-11,2025-03-11,-4.98377051154887,0.006032754464248417,False
2025-03-12,2025-03-12,6.206220873286635,0.0039581861042721584,False
2025-03-13,2025-03-13,-4.736418010111636,0.0040816027469140845,False
2025-03-14,2025-03-14,-2.7941710359721403,0.004181513830912543,False
2025-03-15,2025-03-15,7.675177578892683,0.00690057962613135,False
2025-03-16,2025-03-16,-0.2246942346375018,0.005630383418106432,False
2025-03-17,2025-03-17,14.424026035850355,0.00996160716846401,False
2025-03-18,2025-03-18,-0.614996968236623,0.009022809948846239,False
2025-03-19,2025-03-19,16.884502496254996,0.007650907781362483,False
2025-03-20,2025-03-20,12.579569055902214,0.007317925814608483,False
2025-03-21,2025-03-21,10.04358196378955,0.007163466167746958,False
2025-03-22,2025-03-22,8.077629601500561,0.006067680938557714,False
2025-03-23,2025-03-23,13.843405381334218,0.0059012137747083155,False
2025-03-24,2025-03-24,3.446852260623719,0.005796952082784912,False
2025-03-25,2025-03-25,12.00151208029542,0.006360971744612606,False
2025-03-26,2025-03-26,-4.880480454265406,0.007231922356270809,False
2025-03-27,2025-03-27,14.497030143353072,0.00939617844606982,False
2025-03-28,2025-03-28,4.413469952524918,0.007515846983793506,False
2025-03-29,2025-03-29,3.3066966991886253,0.006657004346638425,False
2025-03-30,2025-03-30,-16.13144978675007,0.01125097689894051,False
2025-03-31,2025-03-31,-4.270183003455874,0.01102371250782212,False
2025-04-01,2025-04-01,-5.212732686582887,0.010596404352073329,False
2025-04-02,2025-04-02,-7.207549332054162,0.010571085268715603,False
2025-04-03,2025-04-03,-0.6781607141535408,0.011031763689576774,False
2025-04-04,2025-04-04,0.3784431532335157,0.011411632680901711,False
2025-04-05,2025-04-05,-1.5519955509011467,0.01076244922506736,False
2025-04-06,2025-04-06,14.333694263863794,0.011283096053857614,False
2025-04-07,2025-04-07,3.1718820804348304,0.007345964390695602,False
2025-04-08,2025-04-08,14.017036526789584,0.004546930230598758,False
2025-04-09,2025-04-09,10.51541906664475,0.0031428482780832987,False
2025-04-10,2025-04-10,11.530533017486697,0.003178973709196193,False
2025-04-11,2025-04-11,20.509824676137114,0.004011469574343488,False
2025-04-12,2025-04-12,20.91480452000885,0.0043255788403195215,False
2025-04-13,2025-04-13,11.794290167398977,0.004736899643999447,False
2025-04-14,2025-04-14,21.28512502392539,0.005411086855429093,False
2025-04-15,2025-04-15,-1.134314549164237,0.008485369846166624,False
2025-04-16,2025-04-16,13.01408959954006,0.007594290978340483,False
2025-04-17,2025-04-17,5.216092565084966,0.006757276092102566,False
2025-04-18,2025-04-18,-29.89409511585218,0.027362571857794872,True
2025-04-19,2025-04-19,-7.440206626219662,0.024346220905823467,True
2025-04-20,2025-04-20,-14.187806130569156,0.021064353095348144,True
2025-04-21,2025-04-21,-2.035232892625925,0.020507702728079398,True
2025-04-22,2025-04-22,-7.099041867693226,0.020844050369707115,True
2025-04-23,2025-04-23,-0.0625175360842087,0.023847227864606777,True
2025-04-24,2025-04-24,-14.64163422092843,0.02344652258243759,True
2025-04-25,2025-04-25,3.5427534519589536,0.028929359000275146,True
2025-04-26,2025-04-26,1.5696894719251588,0.019632669891626736,False
2025-04-27,2025-04-27,6.63219126992324,0.013772346313010258,False
2025-04-28,2025-04-28,17.193508829125257,0.008277373628593116,False
2025-04-29,2025-04-29,-3.9147907978633834,0.010409565924657025,False
2025-04-30,2025-04-30,22.474125188588395,0.012780881573535633,False
2025-05-01,2025-05-01,8.235627060969719,0.012485707518033526,False
2025-05-02,2025-05-02,11.148400800237813,0.012987475185093222,False
2025-05-03,2025-05-03,8.202031149536461,0.013658417598456225,False
2025-05-04,2025-05-04,4.412218615245729,0.00904731163005332,False
2025-05-05,2025-05-05,1.8417591665986,0.009435997728477932,False
2025-05-06,2025-05-06,-1.1109547349644076,0.009137957536406255,False
2025-05-07,2025-05-07,14.559687010090176,0.012693901095628141,False
2025-05-08,2025-05-08,-5.450260220074284,0.012450981977332387,False
2025-05-09,2025-05-09,-6.8842721416198165,0.007997088130724871,False
2025-05-10,2025-05-10,-9.08464623417188,0.006145564944054544,False
2025-05-11,2025-05-11,-7.766307944853682,0.005956875631319986,False
2025-05-12,2025-05-12,-7.254513775300445,0.00582841125178548,False
2025-05-13,2025-05-13,-4.840621839035905,0.00620399759001954,False
2025-05-14,2025-05-14,-3.423753918484472,0.006471774218851522,False
2025-05-15,2025-05-15,1.2905656155147154,0.0076923775227520415,False
2025-05-16,2025-05-16,3.0134297041549387,0.009581120045512242,False
2025-05-17,2025-05-17,4.190085134390305,0.00047151453709436185,False
2025-05-18,2025-05-18,6.518672322392012,0.0002016598632797485,False
2025-05-19,2025-05-19,7.259597817669787,0.00016224366399145642,False
2025-05-20,2025-05-20,8.40810289601853,0.0003628062204125525,False
2025-05-21,2025-05-21,9.612586664733811,0.0005246137623316612,False
2025-05-22,2025-05-22,7.432962374091256,0.0006689413087218532,False
2025-05-23,2025-05-23,4.475469443602631,0.000858825880715575,False
2025-05-24,2025-05-24,1.2133882503517142,0.0007492956375366907,False
2025-05-25,2025-05-25,-21.94185560042116,0.011956695316800391,False
2025-05-26,2025-05-26,-2.257641167515972,0.010318060224024242,False
2025-05-27,2025-05-27,-6.711905759720589,0.009114419689178168,False
2025-05-28,2025-05-28,-11.513032305574406,0.008113647098435536,False
2025-05-29,2025-05-29,-12.080561312726768,0.007204111360638277,False
2025-05-30,2025-05-30,-13.672516578488407,0.0072525099353307945,False
2025-05-31,2025-05-31,-12.666241333300624,0.0075960855667308435,False
2025-06-01,2025-06-01,-10.361633570082144,0.00832102351310433,False
2025-06-02,2025-06-02,-7.192439758592156,0.008131156695678293,False
2025-06-03,2025-06-03,-6.053432753621108,0.004861824288235382,False
2025-06-04,2025-06-04,-3.1572491839331804,0.0017163268847512412,False
2025-06-05,2025-06-05,-0.4613191801198961,0.0007218651054524889,False
2025-06-06,2025-06-06,2.9337299373241525,0.00023356334888218277,False
2025-06-07,2025-06-07,5.868983035475626,0.00043295703480504354,False
2025-06-08,2025-06-08,7.047494251662966,0.0005342505698351715,False
2025-06-09,2025-06-09,7.757327129984419,0.0004070928608713082,False
2025-06-10,2025-06-10,6.940777035339567,0.0005859214764623311,False
2025-06-11,2025-06-11,5.657564014263826,0.0011348137066872971,False
2025-06-12,2025-06-12,2.596339699169609,0.0020069173296514706,False
2025-06-13,2025-06-13,-2.5200679148180587,0.0026618434734034953,False
2025-06-14,2025-06-14,-4.771981049156329,0.0023025894530321646,False
2025-06-15,2025-06-15,8.913059184537241,0.0033473563630423754,False
2025-06-16,2025-06-16,-11.63894992166996,0.004880457759634658,False
2025-06-17,2025-06-17,-13.494106766839026,0.005944580295610587,False
2025-06-18,2025-06-18,-15.065065427939135,0.00661829796031419,False
2025-06-19,2025-06-19,-16.217511412496904,0.00668920058430726,False
2025-06-20,2025-06-20,-14.694290382023356,0.006247207084516168,False
2025-06-21,2025-06-21,-12.98887899235186,0.006164701538266782,False
2025-06-22,2025-06-22,-11.121962920691184,0.00581501781314514,False
2025-06-23,2025-06-23,-7.654563607585746,0.006130474027491334,False
2025-06-24,2025-06-24,-6.637944744112808,0.008614135416209284,False
2025-06-25,2025-06-25,-0.9294784066668358,0.0007116795938448266,False
2025-06-26,2025-06-26,1.999169683626965,0.0009627169337659948,False
2025-06-27,2025-06-27,4.359240281759006,0.0011453620782849495,False
2025-06-28,2025-06-28,4.074230961087751,0.001101418776158066,False
2025-06-29,2025-06-29,3.768612093512292,0.001052334254713718,False
2025-06-30,2025-06-30,4.100418202085796,0.0015345293474498122,False
2025-07-01,2025-07-01,4.662313202955002,0.002023105602220797,False
2025-07-02,2025-07-02,3.594014992042578,0.002069662195497379,False
2025-07-03,2025-07-03,13.369097048059128,0.0022408045775616065,False
2025-07-04,2025-07-04,-3.0853319094577225,0.003164474250914627,False
2025-07-05,2025-07-05,-7.14169602856062,0.004597418831148521,False
2025-07-06,2025-07-06,-12.244738592850997,0.006853000525992858,False
2025-07-07,2025-07-07,-12.629937715518796,0.007436039143631898,False
2025-07-08,2025-07-08,-14.077489198165468,0.006918795854840941,False
2025-07-09,2025-07-09,-15.782830918662729,0.005185666464275386,False
2025-07-10,2025-07-10,-13.269522911239427,0.00364630905895219,False
2025-07-11,2025-07-11,-14.168286956083294,0.003155740055569406,False
2025-07-12,2025-07-12,-10.405985807921445,0.0049158422910703424,False
2025-07-13,2025-07-13,-7.610078375837079,0.0014647055920424476,False
2025-07-14,2025-07-14,-4.310659490968237,0.0010338549103957174,False
2025-07-15,2025-07-15,-2.244813663830471,0.00046676897694586416,False
2025-07-16,2025-07-16,2.2659303007681224,0.0007698095506021136,False
2025-07-17,2025-07-17,3.958125003548037,0.0008178721195004632,False
2025-07-18,2025-07-18,4.487858131680444,0.0008904654339511233,False
2025-07-19,2025-07-19,5.7791687986072,0.0008767465472749779,False
2025-07-20,2025-07-20,8.277372565817517,0.0010782969924278936,False
2025-07-21,2025-07-21,1.5379762746795431,0.002230528894336847,False
2025-07-22,2025-07-22,0.7046722465437728,0.003072486924745801,False
2025-07-23,2025-07-23,0.9912253532167092,0.0023890128716027607,False
2025-07-24,2025-07-24,-3.4877445567511467,0.0020172677238430043,False
2025-07-25,2025-07-25,-5.928235963716293,0.0014811534419997391,False
2025-07-26,2025-07-26,-9.79031307381974,0.0016755511534738564,False
2025-07-27,2025-07-27,-10.882712091223706,0.0014680067066533786,False
2025-07-28,2025-07-28,-12.763927186456907,0.001092241170607187,False
2025-07-29,2025-07-29,-14.87698676027369,0.0009997680140074207,False
2025-07-30,2025-07-30,-10.725134603515508,0.0008400808491040538,False
2025-07-31,2025-07-31,-11.434254648466426,0.0007807773691773933,False
2025-08-01,2025-08-01,-11.829177038898802,0.0010482846258212824,False
2025-08-02,2025-08-02,-4.939796486989499,0.0013678969909094111,False
2025-08-03,2025-08-03,-2.1172722636715786,0.0014170148942761827,False
2025-08-04,2025-08-04,0.8575378175165832,0.0010350657363305065,False
2025-08-05,2025-08-05,3.8466889842302736,0.0009910642355055554,False
2025-08-06,2025-08-06,7.333043923326806,0.0011026067202538977,False
2025-08-07,2025-08-07,7.268193236860391,0.0009806699994148345,False
2025-08-08,2025-08-08,8.042874518074024,0.0008433471391245605,False
2025-08-09,2025-08-09,8.240899275136483,0.0014990842647901938,False
2025-08-10,2025-08-10,5.735911889592253,0.0022714092697984968,False
2025-08-11,2025-08-11,27.987762238921785,0.00634671197188171,False
2025-08-12,2025-08-12,1.4254619147527596,0.008987604256202122,False
2025-08-13,2025-08-13,-1.5905401640217625,0.010845087923343273,False
2025-08-14,2025-08-14,-4.205563252194767,0.01174955370229812,False
2025-08-15,2025-08-15,-6.523176561513841,0.011969511010779876,False
2025-08-16,2025-08-16,-9.334066484497232,0.012553923329130526,False
2025-08-17,2025-08-17,-12.05457597051072,0.01186848098044225,False
2025-08-18,2025-08-18,-10.225552124350186,0.009742736968616616,False
2025-08-19,2025-08-19,-10.580199101769104,0.008999556861318748,False
2025-08-20,2025-08-20,-9.154764319844478,0.008181614662127069,False
2025-08-21,2025-08-21,-5.998076547076508,0.0010882862681337686,False
2025-08-22,2025-08-22,-3.615371891582633,0.0013012117688550714,False
2025-08-23,2025-08-23,0.3277141768109877,0.001216725337669432,False
2025-08-24,2025-08-24,0.7817680545063581,0.0005935169399156072,False
2025-08-25,2025-08-25,5.721510879457143,0.0003398038700538333,False
2025-08-26,2025-08-26,7.755603495988553,0.00026830716852798385,False
2025-08-27,2025-08-27,9.222183574412764,0.00028672073334363166,False
2025-08-28,2025-08-28,10.931759567502878,0.00039462506683035013,False
2025-08-29,2025-08-29,26.6174083127414,0.003558162242856411,False
2025-08-30,2025-08-30,10.387648833811896,0.0038599567444279935,False
2025-08-31,2025-08-31,6.876888573374012,0.005366890133364237,False
2025-09-01,2025-09-01,4.100639696424226,0.006044253994682924,False
2025-09-02,2025-09-02,2.557208038036212,0.006134267225779391,False
2025-09-03,2025-09-03,-2.581979767249301,0.006364592958777696,False
2025-09-04,2025-09-04,-5.171168869908776,0.006247879965317918,False
2025-09-05,2025-09-05,-5.662969965793986,0.004907694867404623,False
2025-09-06,2025-09-06,-8.55723542185791,0.004122058303435246,False
2025-09-07,2025-09-07,-7.593718156034687,0.0031212880970216757,False
2025-09-08,2025-09-08,-6.309644453573077,0.0004576177142167676,False
2025-09-09,2025-09-09,-6.188561666097244,0.0006631798880680588,False
2025-09-10,2025-09-10,-2.478448356299916,0.0013699581540797796,False
2025-09-11,2025-09-11,0.9971525193190832,0.0021255160036821575,False
2025-09-12,2025-09-12,2.878334004891844,0.0011583271134382417,False
2025-09-13,2025-09-13,6.512356523061636,0.0007273966089638778,False
2025-09-14,2025-09-14,7.662596566205382,0.0003679091847620709,False
2025-09-15,2025-09-15,11.743952478818652,0.00014888142913623126,False
2025-09-16,2025-09-16,12.066795368101186,0.00012776286872120908,False
2025-09-17,2025-09-17,12.045211038334354,0.00028713615125292296,False
2025-09-18,2025-09-18,14.861833144590744,0.0003813329475452111,False
2025-09-19,2025-09-19,11.891050693957698,0.000347593871920561,False
2025-09-20,2025-09-20,9.118317375199466,0.0004179685207709136,False
2025-09-21,2025-09-21,8.021707415694543,0.00038081361990897065,False
2025-09-22,2025-09-22,4.576415277284138,0.0004097532416363134,False
2025-09-23,2025-09-23,0.732789544468821,0.000707328687555039,False
2025-09-24,2025-09-24,-1.072654346107926,0.00038975594673428806,False
2025-09-25,2025-09-25,-1.7596348679639489,0.00023885167969739607,False
2025-09-26,2025-09-26,-4.580726250922394,0.00022659022080461058,False
2025-09-27,2025-09-27,-7.250152513819012,0.00023951439136930697,False
2025-09-28,2025-09-28,-5.206268917350938,0.0002677084333626796,False
2025-09-29,2025-09-29,-2.606318370896366,0.000817860534168599,False
2025-09-30,2025-09-30,-3.237569474446705,0.0012603934369215626,False
2025-10-01,2025-10-01,1.3494951611796664,0.0019214218574121378,False
2025-10-02,2025-10-02,3.406928665456632,0.001856020425125561,False
2025-10-03,2025-10-03,8.043820235306042,0.00179652911389938,False
2025-10-04,2025-10-04,12.516529381418806,0.0016857176881870841,False
2025-10-05,2025-10-05,13.76459523624694,0.0007809429316763264,False
2025-10-06,2025-10-06,16.70662281608683,0.0003758504190202488,False
2025-10-07,2025-10-07,15.085595503107708,0.00019010502948955187,False
2025-10-08,2025-10-08,28.496469067777845,0.0021899911729209415,False
2025-10-09,2025-10-09,28.263622608646607,0.0026599022518185205,False
2025-10-10,2025-10-10,26.38781370912215,0.002700751888299332,False
2025-10-11,2025-10-11,23.111072804741653,0.002550526371079726,False
2025-10-12,2025-10-12,21.07047989542501,0.0024302923692611383,False
2025-10-13,2025-10-13,17.585645701354807,0.002348123304038206,False
2025-10-14,2025-10-14,12.75951232545841,0.0028461728193585117,False
2025-10-15,2025-10-15,12.755922711031944,0.0034286015897181895,False
2025-10-16,2025-10-16,10.107778471429096,0.003937097662277922,False
2025-10-17,2025-10-17,9.551237401042398,0.0018297350002932475,False
2025-10-18,2025-10-18,9.05657906298854,0.0019477001566617091,False
2025-10-19,2025-10-19,10.459503003464974,0.002603941297296181,False
2025-10-20,2025-10-20,14.53510678228912,0.004619757420351976,False
2025-10-21,2025-10-21,13.616093880733231,0.005295436198795078,False
2025-10-22,2025-10-22,21.599161572992465,0.007211588768386829,False
2025-10-23,2025-10-23,21.51470526073618,0.006466310302387673,False
2025-10-24,2025-10-24,25.04488610754674,0.005677532931901668,False
2025-10-25,2025-10-25,30.00662771560235,0.004807498122290402,False
2025-10-26,2025-10-26,31.49783909191402,0.0038495818683928463,False
2025-10-27,2025-10-27,30.576817899818597,0.0025479937433524258,False
2025-10-28,2025-10-28,27.217866564953788,0.0016983344873863888,False
2025-10-29,2025-10-29,26.2698670140007,0.001327562206759589,False
2025-10-30,2025-10-30,1.4705013903360875,0.01148541297343775,False
2025-10-31,2025-10-31,22.43649058575457,0.011685072858003454,False
2025-11-01,2025-11-01,39.10810653075562,0.019675225818159333,False
2025-11-02,2025-11-02,15.606136377706504,0.02017071539016099,True
2025-11-03,2025-11-03,13.10814705618963,0.021415499373707212,True
2025-11-04,2025-11-04,9.319753234020796,0.02285868246070038,True
2025-11-05,2025-11-05,8.375703830937779,0.02177492022853895,True
2025-11-06,2025-11-06,30.125660508546204,0.02724665735196834,True
2025-11-07,2025-11-07,9.83960053670474,0.02419153521760472,True
2025-11-08,2025-11-08,10.176914562289992,0.02287233654344841,True
2025-11-09,2025-11-09,12.139686469966293,0.018768999900748012,False
2025-11-10,2025-11-10,14.236207723820565,0.020789694411935955,True
2025-11-11,2025-11-11,-0.7604616850891364,0.009086803897882547,False
2025-11-12,2025-11-12,21.981346054437303,0.013278133369329745,False
2025-11-13,2025-11-13,22.820642068760968,0.017737406614002256,False
2025-11-14,2025-11-14,11.005335293966498,0.018125415321667265,False
2025-11-15,2025-11-15,11.012095207942588,0.01769056846341259,False
2025-11-16,2025-11-16,12.039942353846788,0.007968766240589375,False
2025-11-17,2025-11-17,12.065524415687747,0.007664619709062291,False
2025-11-18,2025-11-18,10.660442118232265,0.007233245806135926,False
2025-11-19,2025-11-19,8.443832322048953,0.006780724224277021,False
2025-11-20,2025-11-20,5.441662631203236,0.007677826213047747,False
2025-11-21,2025-11-21,0.7195407607862659,0.003368393613074712,False
2025-11-22,2025-11-22,-1.4657474331171554,0.0024750985017330577,False
2025-11-23,2025-11-23,-4.392286714366461,0.0005326539623505095,False
2025-11-24,2025-11-24,-8.004892895132242,0.0006545682822332154,False
2025-11-25,2025-11-25,-8.33800508893279,0.00033139139281968146,False
2025-11-26,2025-11-26,-8.415145770746712,0.00013373421880431526,False
2025-11-27,2025-11-27,-8.628898235072679,0.0002173867171451467,False
2025-11-28,2025-11-28,-6.651248724031032,0.0006532691813138961,False
2025-11-29,2025-11-29,-6.682148341058127,0.0008570719283388024,False
2025-11-30,2025-11-30,-2.848059081143452,0.0011391131225065305,False
2025-12-01,2025-12-01,0.2805256845732687,0.0013020937340677617,False
2025-12-02,2025-12-02,3.668046501403467,0.0009159485996515079,False
2025-12-03,2025-12-03,4.027383934791608,0.0002730931384729992,False
2025-12-04,2025-12-04,8.704756896173695,0.00023110926216419195,False
2025-12-05,2025-12-05,8.130575728347285,0.00015819166997266108,False
2025-12-06,2025-12-06,8.829103483706103,0.0003557984255954629,False
2025-12-07,2025-12-07,6.858292277399309,0.0009746087839354114,False
2025-12-08,2025-12-08,6.520419770256366,0.001390433716835706,False
2025-12-09,2025-12-09,5.612899954460028,0.0008456582284477128,False
2025-12-10,2025-12-10,1.9156347641885396,0.0007224307473848737,False
2025-12-11,2025-12-11,-3.2007196993472213,0.001067721053883617,False
2025-12-12,2025-12-12,-4.123370775593178,0.0011526134317923296,False
2025-12-13,2025-12-13,-8.006975892883412,0.0008893070324892442,False
2025-12-14,2025-12-14,-8.976675327015949,0.0008822447833685381,False
2025-12-15,2025-12-15,-11.204132333417489,0.0006299368832325132,False
2025-12-16,2025-12-16,-13.111628064761192,0.0004922622685488421,False
2025-12-17,2025-12-17,-11.12016113019917,0.0002406710677791097,False
2025-12-18,2025-12-18,-10.329211098851095,0.0005786239219146708,False
2025-12-19,2025-12-19,-9.33891820148584,0.0009339651441108923,False
2025-12-20,2025-12-20,-5.877329543039517,0.0008953918227472639,False
2025-12-21,2025-12-21,-1.6024756593647398,0.0012472147029892325,False
2025-12-22,2025-12-22,1.732282137712205,0.0008537740276379028,False
2025-12-23,2025-12-23,1.1390356641350836,0.0004673881593916139,False
2025-12-24,2025-12-24,4.647578315735335,0.0003022615082082784,False
2025-12-25,2025-12-25,4.527108012188613,0.00043081260841194786,False
2025-12-26,2025-12-26,5.772540671739686,0.000742607742064723,False
2025-12-27,2025-12-27,5.572870407422308,0.001331469317623383,False
2025-12-28,2025-12-28,6.413151794923017,0.0014244594428555325,False
2025-12-29,2025-12-29,1.70477685047985,0.0014784087425495438,False
2025-12-30,2025-12-30,-0.9046091737352216,0.0013322058384270048,False
2025-12-31,2025-12-31,-1.7810851808402122,0.001104086358555949,False
2026-01-01,2026-01-01,-6.651144031915733,0.0016032779236753725,False
2026-01-02,2026-01-02,-8.533423749770467,0.0014205076063528131,False
2026-01-03,2026-01-03,-7.53598607004246,0.0010582203321380964,False
2026-01-04,2026-01-04,-11.33347901969195,0.000700791179699272,False
2026-01-05,2026-01-05,-11.632257336423416,0.000432328308488401,False
2026-01-06,2026-01-06,-10.625032382100091,0.0004493234863545646,False
2026-01-07,2026-01-07,-10.162678630031609,0.0006066434736313453,False
2026-01-08,2026-01-08,16.60235704697639,0.013406792126086359,False
2026-01-09,2026-01-09,-4.493301671287005,0.011241655256466948,False
2026-01-10,2026-01-10,-0.741758426326288,0.009522235205494578,False
2026-01-11,2026-01-11,3.1656823791327566,0.009253007989173147,False
2026-01-12,2026-01-12,6.057164892213607,0.009729158794100882,False
2026-01-13,2026-01-13,7.243734466142835,0.010407618556519695,False
2026-01-14,2026-01-14,10.510204938366517,0.01085624487256256,False
2026-01-15,2026-01-15,11.409709477484096,0.010154628868970722,False
2026-01-16,2026-01-16,10.313708834626816,0.008790038735686222,False
2026-01-17,2026-01-17,7.916960924920298,0.006873644946492107,False
2026-01-18,2026-01-18,6.818486363319376,0.0012972775089761309,False
2026-01-19,2026-01-19,4.922230268666479,0.0007743747198028882,False
2026-01-20,2026-01-20,2.0638832478446067,0.0005114897526150288,False
2026-01-21,2026-01-21,-0.5487643508987929,0.0004749241507200514,False
2026-01-22,2026-01-22,-3.495124251476831,0.0004510791212255645,False
2026-01-23,2026-01-23,-3.754542363903079,0.00015656149122189383,False
2026-01-24,2026-01-24,-6.234202242709802,0.00015713911172038684,False
2026-01-25,2026-01-25,-7.291266461383602,0.00014418394091072982,False
2026-01-26,2026-01-26,-4.900217573165204,0.00029069700199791775,False
2026-01-27,2026-01-27,-3.821455609633889,0.0006982755039371045,False
2026-01-28,2026-01-28,-0.3427161415008619,0.001566590417179034,False
2026-01-29,2026-01-29,2.240441439617033,0.0020293683503813495,False
2026-01-30,2026-01-30,5.03300333007192,0.0015985570408753598,False
2026-01-31,2026-01-31,9.973648345880717,0.0012098918647670688,False
2026-02-01,2026-02-01,12.020079002430933,0.0007959949410898143,False
2026-02-02,2026-02-02,14.788303575299777,0.00031412939504939073,False
2026-02-03,2026-02-03,15.4053828083582,0.00010373896378128411,False
2026-02-04,2026-02-04,18.851884949362297,0.00014655644305876396,False
2026-02-05,2026-02-05,16.706666674997127,0.0002253972256526726,False
2026-02-06,2026-02-06,15.97236659311564,0.00023759671625369212,False
2026-02-07,2026-02-07,13.871953672921103,0.00033189448214482044,False
2026-02-08,2026-02-08,12.01483569469496,0.000328525990167445,False
2026-02-09,2026-02-09,8.625731860871788,0.0003228571585320439,False
2026-02-10,2026-02-10,7.337557893524114,0.0004760581347609819,False
2026-02-11,2026-02-11,5.238809833678257,0.0004302688967088174,False
2026-02-12,2026-02-12,1.892778545574192,0.0003528010786938604,False
2026-02-13,2026-02-13,0.7647544908344202,0.00031837745877218046,False
2026-02-14,2026-02-14,-0.8562040576407401,0.00024039459026012618,False
2026-02-15,2026-02-15,0.010880971493993,0.0004920909513743178,False
2026-02-16,2026-02-16,4.882988060230844,0.001975209774805036,False
2026-02-17,2026-02-17,4.398835294376648,0.002919558338887242,False
2026-02-18,2026-02-18,9.646668726138834,0.0044880966840465265,False
2026-02-19,2026-02-19,13.21575504360296,0.005590330265709099,False
2026-02-20,2026-02-20,16.056551389955207,0.004098685762761076,False
2026-02-21,2026-02-21,19.6941988089076,0.00229178313891428,False
2026-02-22,2026-02-22,22.26138505039204,0.0013391388086757682,False
2026-02-23,2026-02-23,25.763241190246625,0.0009816485702158634,False
2026-02-24,2026-02-24,25.871093443732292,0.0009120833389623278,False
2026-02-25,2026-02-25,25.67956393956649,0.0007627375244455084,False
2026-02-26,2026-02-26,23.981653146783373,0.0005117359415687881,False
2026-02-27,2026-02-27,22.150695813666747,0.00046553403075734885,False
2026-02-28,2026-02-28,19.016836600062543,0.000507876243998612,False
2026-03-01,2026-03-01,16.4464713482521,0.0009533541344245649,False
2026-03-02,2026-03-02,15.221027966495315,0.001885294058297598,False
2026-03-03,2026-03-03,9.88233545331553,0.0026451209741641404,False
2026-03-04,2026-03-04,10.389804939137036,0.002024446458001816,False
2026-03-05,2026-03-05,-10.032654902168456,0.006902488485257577,False
2026-03-06,2026-03-06,-10.531112340703704,0.006979568932490371,False
2026-03-07,2026-03-07,-9.8494685001684,0.004958701813680113,False
2026-03-08,2026-03-08,-7.378360863033946,0.003969537019581948,False
2026-03-09,2026-03-09,-6.125738030046218,0.0033588619691384825,False
2026-03-10,2026-03-10,-4.285545137268707,0.004166864032083041,False
2026-03-11,2026-03-11,-1.1616863130325117,0.008421526525248975,False
2026-03-12,2026-03-12,3.721669482558709,0.011530055286715236,False
2026-03-13,2026-03-13,28.76174486043351,0.022940474381160796,True
2026-03-14,2026-03-14,9.9766555223598,0.010586782780585054,False
2026-03-15,2026-03-15,9.097717901695091,0.009798830952378622,False
2026-03-16,2026-03-16,10.948101996729784,0.009990168124394955,False
2026-03-17,2026-03-17,11.442006905587576,0.010641510676739404,False
2026-03-18,2026-03-18,10.572635655244149,0.011179212954477744,False
2026-03-19,2026-03-19,5.683686337355606,0.011391304614933682,False
2026-03-20,2026-03-20,2.759636829226408,0.010166704309155766,False
2026-03-21,2026-03-21,1.7403031651833256,0.008138293404035126,False
2026-03-22,2026-03-22,-2.04734702107135,0.005475412594332622,False
2026-03-23,2026-03-23,-4.7104541499513415,0.0005648615084402768,False
2026-03-24,2026-03-24,-6.857869935637281,0.0005511968968307568,False
2026-03-25,2026-03-25,-7.432505901909023,0.00022291162952587116,False
2026-03-26,2026-03-26,-7.180443656172404,0.00024428653827828064,False
2026-03-27,2026-03-27,-6.576698390345447,0.00048345966675065474,False
2026-03-28,2026-03-28,-28.04332027688195,0.006902204176450853,False
2026-03-29,2026-03-29,-2.488900687860906,0.008566631067498113,False
2026-03-30,2026-03-30,-0.5861558046822992,0.01086259697217927,False
2026-03-31,2026-03-31,2.9914865129830868,0.012485985427545993,False
2026-04-01,2026-04-01,6.24386712229738,0.01258019560875161,False
2026-04-02,2026-04-02,8.884250121234583,0.011649232198616152,False
2026-04-03,2026-04-03,10.92681571986204,0.01051830944180874,False
2026-04-04,2026-04-04,12.01861706926606,0.010549801275426287,False
2026-04-05,2026-04-05,13.589586324316048,0.011528186862014612,False
2026-04-06,2026-04-06,12.386490377553717,0.011916391459368241,False
2026-04-07,2026-04-07,11.381851678949436,0.0003604643066574188,False
2026-04-08,2026-04-08,10.51306483187219,0.000334993503900265,False
2026-04-09,2026-04-09,6.602579264779373,0.00029617003676457446,False
2026-04-10,2026-04-10,3.023591452799267,0.0004718614798282407,False
2026-04-11,2026-04-11,-2.418086058185486,0.0010386000412011592,False
2026-04-12,2026-04-12,-1.0221037177887222,0.0005926445885829746,False
2026-04-13,2026-04-13,-6.125618908555447,0.0006074995589054096,False
2026-04-14,2026-04-14,-4.887644816092184,0.00034484241416886656,False
2026-04-15,2026-04-15,-5.936726763406584,0.00035530174788547494,False
2026-04-16,2026-04-16,-5.551488248391137,0.0006522431452940803,False
2026-04-17,2026-04-17,-1.5024253855148024,0.0017687662641459074,False
2026-04-18,2026-04-18,-2.75394176411857,0.0017128580873868528,False
2026-04-19,2026-04-19,0.6347109793928254,0.0016291546076916575,False
2026-04-20,2026-04-20,3.6903316164810223,0.0011163276785601491,False
2026-04-21,2026-04-21,7.790682577630082,0.001360909806855872,False
2026-04-22,2026-04-22,11.909547130786777,0.0008424157004315206,False
2026-04-23,2026-04-23,10.95171770556821,0.0005568576479442564,False
2026-04-24,2026-04-24,13.834391525606929,0.00030119831684972134,False
2026-04-25,2026-04-25,14.188200886241562,0.00021204700887367443,False
2026-04-26,2026-04-26,13.753950366874657,0.00026620736537482335,False
2026-04-27,2026-04-27,14.476462806966635,0.00045617303697421935,False
2026-04-28,2026-04-28,10.658148696821089,0.0005013507725118811,False
2026-04-29,2026-04-29,8.962306336791222,0.00041556063043808703,False
2026-04-30,2026-04-30,6.045634922668615,0.0003820919937191651,False
2026-05-01,2026-05-01,2.8084305781876826,0.000444702084218693,False
2026-05-02,2026-05-02,-0.4199723094001423,0.00045497174626616294,False
2026-05-03,2026-05-03,-1.4843997122878094,0.00018078521445371971,False
2026-05-04,2026-05-04,19.151371855986167,0.008998777632462315,False
2026-05-05,2026-05-05,10.337325834254814,0.011407085247595473,False
2026-05-06,2026-05-06,-3.9857973169970897,0.011002332504906408,False
2026-05-07,2026-05-07,-2.7249148180535228,0.00988315887928173,False
2026-05-08,2026-05-08,-1.5775994084398446,0.009002198726134943,False
2026-05-09,2026-05-09,1.4855728840169122,0.008673786998545208,False
2026-05-10,2026-05-10,4.996401452363791,0.009915260425478415,False
2026-05-11,2026-05-11,9.680046623944058,0.012164891534986459,False
2026-05-12,2026-05-12,-13.268260249657668,0.013673954832622287,False
2026-05-13,2026-05-13,11.959470353599242,0.01773528228188782,False
2026-05-14,2026-05-14,14.736841556111038,0.014492919516833184,False
2026-05-15,2026-05-15,13.488918073519528,0.010749549164116086,False
2026-05-16,2026-05-16,14.606046108595532,0.010858138521720765,False
2026-05-17,2026-05-17,11.941791936524211,0.010310375575181666,False
2026-05-18,2026-05-18,12.38419006512442,0.00948035499419113,False
2026-05-19,2026-05-19,8.57003733398977,0.009238464965492427,False
2026-05-20,2026-05-20,3.039793581475023,0.010211551362547405,False
2026-05-21,2026-05-21,3.332940780075459,0.010849717752827299,False
2026-05-22,2026-05-22,-2.415756040637415,0.0007074973305607127,False
2026-05-23,2026-05-23,-4.594085440998857,0.0005719412027845242,False
2026-05-24,2026-05-24,-7.088879603844905,0.0005577415310144558,False
2026-05-25,2026-05-25,-5.67756676223312,0.0003123656094233706,False
2026-05-26,2026-05-26,-5.438251377244979,0.0005390804257208238,False
2026-05-27,2026-05-27,-5.445803314759519,0.0010169918517684072,False
2026-05-28,2026-05-28,-4.728710237773214,0.0011468115562592782,False
2026-05-29,2026-05-29,0.7039360098149329,0.0018833913016235416,False
2026-05-30,2026-05-30,2.5149690688620936,0.0023977395139617836,False
2026-05-31,2026-05-31,6.177653961955383,0.0012834083657421744,False
2026-06-01,2026-06-01,8.583793061137102,0.0007736004012532263,False
2026-06-02,2026-06-02,12.386742691441722,0.0004296201033801504,False
2026-06-03,2026-06-03,13.683691903206755,0.00023499612499776543,False
2026-06-04,2026-06-04,11.695671847236904,0.0002838112689678863,False
2026-06-05,2026-06-05,11.568077621367822,0.0006536335677192426,False
2026-06-06,2026-06-06,9.13760550667439,0.0010514287332349854,False
2026-06-07,2026-06-07,7.157111129182074,0.0006062031415692771,False
2026-06-08,2026-06-08,3.7904149343925657,0.000751332407600044,False
2026-06-09,2026-06-09,2.594002154747179,0.0005419466932689276,False
2026-06-10,2026-06-10,-1.869632969424289,0.0004741193766909861,False
2026-06-11,2026-06-11,-3.5792341476431506,0.0002259736932667076,False
2026-06-12,2026-06-12,-6.546152568857601,0.0002528510083787048,False
2026-06-13,2026-06-13,-8.63277315627545,0.00029073305017941867,False
2026-06-14,2026-06-14,-10.974460712359669,0.0003553891985957628,False
2026-06-15,2026-06-15,-10.538562314953694,0.00023170956576309908,False
2026-06-16,2026-06-16,-6.354971201685228,0.0006143387753788815,False
2026-06-17,2026-06-17,-5.525333848653601,0.0011224262946444882,False
2026-06-18,2026-06-18,-2.545812629065094,0.002002596680885129,False
2026-06-19,2026-06-19,-0.1546093522109082,0.0016264200097391933,False
2026-06-20,2026-06-20,-11.676495985762498,0.0029495891335509705,False
2026-06-21,2026-06-21,4.084699152679371,0.0034732173747092183,False
2026-06-22,2026-06-22,6.42334872017915,0.0037473129192759544,False
2026-06-23,2026-06-23,9.052389520722814,0.00400270528631789,False
2026-06-24,2026-06-24,7.683149483848789,0.0035828673744604,False
2026-06-25,2026-06-25,9.710823846336622,0.003091467836215271,False
2026-06-26,2026-06-26,6.746758039248691,0.003191351524560175,False
2026-06-27,2026-06-27,5.34942793652296,0.004029257740204935,False
2026-06-28,2026-06-28,1.3613918946397645,0.005650086968194232,False
2026-06-29,2026-06-29,-19.4917196401586,0.01722025643200124,False
2026-06-30,2026-06-30,-5.02684844099042,0.008506699042988666,False
2026-07-01,2026-07-01,-8.169568477345223,0.007208717667699198,False
2026-07-02,2026-07-02,-10.6357184516599,0.005782300772998926,False
2026-07-03,2026-07-03,-11.315181991058228,0.005147330309975278,False
2026-07-04,2026-07-04,-14.464762728526091,0.005066572619100079,False
2026-07-05,2026-07-05,-13.52345388804174,0.005375508663061487,False
2026-07-06,2026-07-06,-12.150464498112006,0.006188570642218431,False
2026-07-07,2026-07-07,-8.646651942805008,0.006098597267739355,False
2026-07-08,2026-07-08,-7.351465886474308,0.0032249544504345897,False
2026-07-09,2026-07-09,-2.4262461900910743,0.0013501400824139068,False
2026-07-10,2026-07-10,1.044970313634396,0.001112851725657192,False
2026-07-11,2026-07-11,2.664233413235538,0.0007000346705884676,False
2026-07-12,2026-07-12,7.116210389406454,0.0008964352111819739,False
2026-07-13,2026-07-13,8.425379645384226,0.001095663418619034,False
2026-07-14,2026-07-14,-10.47467636025293,0.007766591936879547,False
2026-07-15,2026-07-15,5.104179416777134,0.008104579925432205,False
2026-07-16,2026-07-16,3.840727625110984,0.007577481575242953,False
2026-07-17,2026-07-17,2.571616577004284,0.006792428503739125,False
2026-07-18,2026-07-18,-1.4684160981866308,0.005732633025656238,False
2026-07-19,2026-07-19,-2.906154258643017,0.0052616511035344805,False
2026-07-20,2026-07-20,-26.552469090825237,0.015417050295833262,False
2026-07-21,2026-07-21,-11.4645801216387,0.015173742166999099,False
2026-07-22,2026-07-22,-12.379323286147253,0.01514625571705699,False
2026-07-23,2026-07-23,-13.424151312324987,0.013406529289837854,False
2026-07-24,2026-07-24,-15.257452979338527,0.006416698333605145,False
2026-07-25,2026-07-25,-15.974340533679923,0.00640797507215574,False
2026-07-26,2026-07-26,-12.63976794183909,0.007097532183147255,False
2026-07-27,2026-07-27,-11.422789189894209,0.007640021737289648,False
2026-07-28,2026-07-28,-9.781290188711658,0.0068199953158118885,False
2026-07-29,2026-07-29,-3.358004647372069,0.003923234123898957,False
2026-07-30,2026-07-30,0.4122163579274502,0.001253424599199091,False
2026-07-31,2026-07-31,0.7205683214482304,0.0011353222090480079,False
2026-08-01,2026-08-01,2.777080186101562,0.0010423793949873308,False
2026-08-02,2026-08-02,5.067976486192277,0.0012992975174226234,False
2026-08-03,2026-08-03,6.525735658183677,0.00138130158263002,False
2026-08-04,2026-08-04,3.24161774774445,0.0017915189858917157,False
2026-08-05,2026-08-05,3.117985825247533,0.00273600795894692,False
2026-08-06,2026-08-06,1.2755859644328102,0.002793955750836878,False
2026-08-07,2026-08-07,-3.1924459761704664,0.0021392719232881307,False
2026-08-08,2026-08-08,-4.524231235823539,0.0016711608880328097,False
2026-08-09,2026-08-09,-8.021999056228656,0.0019738965590304315,False
2026-08-10,2026-08-10,-10.35707050008176,0.0016134668861739782,False
2026-08-11,2026-08-11,-13.677717452467396,0.0013487505282231164,False
2026-08-12,2026-08-12,-16.1610450360229,0.0012472403025646634,False
2026-08-13,2026-08-13,-13.729999723675853,0.0008539699491857986,False
2026-08-14,2026-08-14,-12.962231821428432,0.0007910242435071213,False
2026-08-15,2026-08-15,-12.284145264150489,0.0010591397188554415,False
2026-08-16,2026-08-16,-14.241667557330214,0.0008322487798763558,False
2026-08-17,2026-08-17,-8.269933644472507,0.0010931976949782262,False
2026-08-18,2026-08-18,-4.543826062433793,0.0010610158897985276,False
2026-08-19,2026-08-19,-1.7298541779040384,0.0010664135582345567,False
2026-08-20,2026-08-20,0.3317883878427824,0.0009095071957875712,False
2026-08-21,2026-08-21,4.419436953102049,0.0009942113082084844,False
2026-08-22,2026-08-22,4.199597065599902,0.0007229847755709848,False
2026-08-23,2026-08-23,4.744075525596885,0.0009506483602618616,False
2026-08-24,2026-08-24,4.174839011333432,0.001729349959891751,False
2026-08-25,2026-08-25,5.0169385533956055,0.002388496570069661,False
2026-08-26,2026-08-26,0.6559518279807715,0.0023291014312460567,False
2026-08-27,2026-08-27,-1.466230778571619,0.0023492594047965177,False
2026-08-28,2026-08-28,-5.583931480197342,0.0023183988737117433,False
2026-08-29,2026-08-29,-7.459512386442571,0.0019486404028743539,False
2026-08-30,2026-08-30,-9.561597475015008,0.0014860487175041097,False
2026-08-31,2026-08-31,5.441026515095906,0.004118525244462527,False
2026-09-01,2026-09-01,-13.368368753079238,0.004719221653345119,False
2026-09-02,2026-09-02,-14.51741306465748,0.00532186866456986,False
2026-09-03,2026-09-03,-12.618004166780327,0.005738238460917265,False
2026-09-04,2026-09-04,-12.117235130470338,0.006295277893674673,False
2026-09-05,2026-09-05,-8.975261821140533,0.0062688766870646504,False
2026-09-06,2026-09-06,-7.128126244091245,0.00595373104225253,False
2026-09-07,2026-09-07,-3.382167701091804,0.006051043416571161,False
2026-09-08,2026-09-08,-0.128797070359076,0.006063317007247054,False
2026-09-09,2026-09-09,1.6738850611839668,0.0066258039306033465,False
2026-09-10,2026-09-10,4.459666838224556,0.00042695638720569913,False
2026-09-11,2026-09-11,8.265219343833154,0.000724317841348396,False
2026-09-12,2026-09-12,8.715525131518909,0.0005792154055367911,False
2026-09-13,2026-09-13,7.183000092618773,0.0007721492835618517,False
2026-09-14,2026-09-14,7.821435790498995,0.00102490170757281,False
2026-09-15,2026-09-15,4.075116121472514,0.0017795116140899812,False
2026-09-16,2026-09-16,0.9662502526246004,0.0019182363482093342,False
2026-09-17,2026-09-17,-1.5806784287990616,0.0017466358136378995,False
2026-09-18,2026-09-18,-4.806936808945496,0.0016949981677738095,False
2026-09-19,2026-09-19,-6.44860634158678,0.0011616259719363956,False
2026-09-20,2026-09-20,14.953776287351868,0.008362523432404761,False
2026-09-21,2026-09-21,-27.059237743922367,0.018122651968092936,False
2026-09-22,2026-09-22,-11.15815059756828,0.018171443752129247,False
2026-09-23,2026-09-23,-9.724743779459804,0.018004428561690704,False
2026-09-24,2026-09-24,-7.406446413532061,0.018336579003405587,False
2026-09-25,2026-09-25,-7.10022068225434,0.01891247410558048,False
2026-09-26,2026-09-26,-5.3068941955138165,0.019493322419931305,False
