Time,Value,robust_zscore,is_anomaly
2024-01-01,0.4242587532042454,-0.046822406990889666,False
2024-01-02,2.720154874934359,0.17265426982427015,False
2024-01-03,5.814963741897811,0.46850318000378477,False
2024-01-04,9.800360163363358,0.8494879963878731,False
2024-01-05,9.164210970347323,0.7886751793268852,False
2024-01-06,10.804170337904315,0.9454474429744523,False
2024-01-07,10.573343782350774,0.9233815294280655,False
2024-01-08,7.998472682985155,0.6772361804432415,False
2024-01-09,8.461529170136954,0.7215021635667258,False
2024-01-10,4.593199751368152,0.3517083921403819,False
2024-01-11,0.9475303428321464,0.003199851628012286,False
2024-01-12,-0.7846383255720601,-0.16238717969560496,False
2024-01-13,-5.535319745825289,-0.6165295778886837,False
2024-01-14,-8.394933268096016,-0.8898949391972433,False
2024-01-15,-6.466345659919565,-0.7055311976571883,False
2024-01-16,-9.813513846473384,-1.025504450529216,False
2024-01-17,-7.451310883524153,-0.7996891571611802,False
2024-01-18,-4.903873922284343,-0.556166380430454,False
2024-01-19,-2.761577413435587,-0.3513730911937754,False
2024-01-20,0.2118949311694535,-0.06712337160981117,False
2024-01-21,1.6708932642319507,0.07234988355563159,False
2024-01-22,4.278630770721494,0.3216371037018466,False
2024-01-23,8.481779297089858,0.7234379787487122,False
2024-01-24,10.64988373773776,0.9306983827007028,False
2024-01-25,13.244121249989725,1.1786950680338466,False
2024-01-26,14.072238618760665,1.257859123580836,False
2024-01-27,12.436106891359396,1.1014527640059628,False
2024-01-28,13.295412388098123,1.183598255262377,False
2024-01-29,9.359496516611996,0.807343542550525,False
2024-01-30,8.556140744522759,0.7305465770913234,False
2024-01-31,2.707015407227554,0.17139819962139155,False
2024-02-01,1.983469464499335,0.10223067173105574,False
2024-02-02,-2.3287581399276784,-0.309997640923193,False
2024-02-03,-5.201114873675118,-0.5845811922362523,False
2024-02-04,-7.259467913731282,-0.7813498877656809,False
2024-02-05,-5.575740296158992,-0.6203935889727722,False
2024-02-06,-5.321940665569103,-0.5961315594447079,False
2024-02-07,-4.576567838823375,-0.524877485946297,False
2024-02-08,1.0386842201590016,0.011913725868733129,False
2024-02-09,4.5029083837163455,0.3430769696950228,False
2024-02-10,4.323314721766898,0.32590867548142094,False
2024-02-11,8.357812090402378,0.7115873073266431,False
2024-02-12,11.979667521366258,1.0578193456010359,False
2024-02-13,-4.384973959079643,-0.5065620283668879,False
2024-02-14,15.197028803484336,1.365383679905898,False
2024-02-15,13.855900195851046,1.2371782061481016,False
2024-02-16,14.975054019848534,1.3441639533738294,False
2024-02-17,12.112090327137253,1.07047833181129,False
2024-02-18,11.734544156328104,1.0343867255189991,False
2024-02-19,7.603448268146794,0.6394737377050903,False
2024-02-20,5.15850149237305,0.4057485319965718,False
2024-02-21,1.422346181230411,0.04858997242856706,False
2024-02-22,-1.5402374870960032,-0.2346188418365851,False
2024-02-23,-3.920130111100078,-0.46212518210589704,False
2024-02-24,-5.339085459014725,-0.5977705196112907,False
2024-02-25,-2.382752240369658,-0.3151592184094163,False
2024-02-26,-4.182086593853393,-0.48716696764694334,False
2024-02-27,-1.833454116452073,-0.26264894772374403,False
2024-02-28,-1.93162005159564,-0.27203314111901267,False
2024-02-29,0.9997913331956132,0.00819575208861296,False
2024-03-01,3.9475438967267342,0.2899867837445435,False
2024-03-02,7.429777643087284,0.6228716574595132,False
2024-03-03,9.688625213659142,0.8388066701671074,False
2024-03-04,13.485099478268866,1.201731432888044,False
2024-03-05,15.266775643868456,1.3720511439087244,False
2024-03-06,15.00933540386302,1.3474410895512512,False
2024-03-07,13.467795907070874,1.2000772943285396,False
2024-03-08,12.820639344176188,1.1382122254088654,False
2024-03-09,9.081643418806395,0.7807821167211993,False
2024-03-10,6.730875037712399,0.5560599146313816,False
2024-03-11,3.404589702637168,0.23808296237660126,False
2024-03-12,0.9691143675170588,0.005263181046666973,False
2024-03-13,-1.2893507812760996,-0.2106352739698644,False
2024-03-14,-2.40093303583508,-0.31689721540886245,False
2024-03-15,-6.353486915340855,-0.6947424420269899,False
2024-03-16,-6.327764907247284,-0.6922835412065402,False
2024-03-17,-4.63488841794528,-0.5304526540797602,False
2024-03-18,-5.225543221378261,-0.5869164253172381,False
2024-03-19,-0.818817761150705,-0.16565457009067472,False
2024-03-20,-1.3087653162171229,-0.21249121055620987,False
2024-03-21,2.807107475118226,0.1809665220852353,False
2024-03-22,6.239422233206697,0.50907937952637,False
2024-03-23,9.12979163581278,0.7853848557402334,False
2024-03-24,-12.694192763718206,-1.3008835627392008,False
2024-03-25,11.161230255918603,0.9795806615848025,False
2024-03-26,11.981658112766834,1.0580096366082639,False
2024-03-27,11.168643580918635,0.9802893399608658,False
2024-03-28,9.233917091884985,0.7953387508029462,False
2024-03-29,8.110636907538202,0.687958543284249,False
2024-03-30,5.03743154830177,0.3941748250089325,False
2024-03-31,1.1806785171540175,0.02548770081307268,False
2024-04-01,-2.5664001113177104,-0.3327150755923119,False
2024-04-02,-5.632589442509619,-0.6258280951783106,False
2024-04-03,-6.094356303284399,-0.6699707961946987,False
2024-04-04,-7.498547542582138,-0.8042047556047563,False
2024-04-05,-10.431791550506205,-1.0846088388095414,False
2024-04-06,-9.294151148832974,-0.9758558632691023,False
2024-04-07,-7.788214503727838,-0.8318955302063076,False
2024-04-08,-6.6707492698164765,-0.7250712041080856,False
2024-04-09,-3.1410787743437347,-0.3876516042983601,False
2024-04-10,-0.1710562056411113,-0.10373166677363323,False
2024-04-11,3.496252173566954,0.24684545573068883,False
2024-04-12,4.485532964292354,0.34141596278911207,False
2024-04-13,5.228605297437093,0.41245012011370286,False
2024-04-14,9.196528315557352,0.7917645627981376,False
2024-04-15,9.943377810551643,0.8631597987110349,False
2024-04-16,9.74471194501817,0.8441682931497829,False
2024-04-17,4.888719344990603,0.3799586503851434,False
2024-04-18,4.037484926357993,0.2985847155525066,False
2024-04-19,1.2003630226873945,0.027369445295466584,False
2024-04-20,-1.808553886155157,-0.26026860492609993,False
2024-04-21,-5.044035692849402,-0.569565174621964,False
2024-04-22,-6.911865973644564,-0.7481208065617607,False
2024-04-23,-8.630383946945205,-0.9124028967910528,False
2024-04-24,-10.851763152400553,-1.1247561131866817,False
2024-04-25,-12.403536789666685,-1.2730982432391054,False
2024-04-26,-14.347042709195836,-1.4588881039177375,False
2024-04-27,-11.987117169759085,-1.2332905213335166,False
2024-04-28,-10.603621610973304,-1.1010349698924442,False
2024-04-29,19.900852136567607,1.815046669315348,False
2024-04-30,-1.4142984885738483,-0.22257967655577846,False
2024-05-01,1.6256364018351748,0.06802354419388368,False
2024-05-02,3.0023827813667605,0.19963390641235995,False
2024-05-03,3.626467465923153,0.2592934142277469,False
2024-05-04,6.02395928994778,0.4884821537565712,False
2024-05-05,5.74694598473808,0.4620010080786069,False
2024-05-06,6.992235200052224,0.5810446947959952,False
2024-05-07,4.3514525078713335,0.32859851311330984,False
2024-05-08,1.6490842517231616,0.07026504637822381,False
2024-05-09,0.1920061453035126,-0.06902464431393318,False
2024-05-10,-20.87017708379168,-2.082468518294746,False
2024-05-11,-6.95717296897117,-0.7524519383915711,False
2024-05-12,-10.392481868529565,-1.0808510214217095,False
2024-05-13,-13.315056652320356,-1.3602351778820727,False
2024-05-14,-13.929343284740408,-1.4189580388248977,False
2024-05-15,-15.41070260513208,-1.5605688973178005,False
2024-05-16,-14.042661530865855,-1.4297907206029363,False
2024-05-17,-11.635361900011532,-1.199664401699569,False
2024-05-18,-10.304708266515425,-1.0724602853166094,False
2024-05-19,-6.246331505412279,-0.6844988978825939,False
2024-05-20,-5.06464999724087,-0.5715358034234475,False
2024-05-21,-2.044165578137274,-0.2827919546045097,False
2024-05-22,-0.0255523049613233,-0.08982219052050992,False
2024-05-23,3.133528266238347,0.21217078686026036,False
2024-05-24,6.203522052910792,0.5056474941750098,False
2024-05-25,4.485825208607125,0.34144389994638025,False
2024-05-26,5.368463914586963,0.42581993429017606,False
2024-05-27,3.8886757475121656,0.284359270531909,False
2024-05-28,2.059621491535696,0.10951044091071876,False
2024-05-29,-1.59762193153976,-0.24010451997689622,False
2024-05-30,-5.469172560602592,-0.6102062236846554,False
2024-05-31,-8.327761523692708,-0.8834736420409912,False
2024-06-01,-11.304083734313068,-1.1679957951712694,False
2024-06-02,-12.251093291066567,-1.2585253746506009,False
2024-06-03,-14.580271313224651,-1.4811836417976958,False
2024-06-04,-15.405625210570827,-1.5600835227075835,False
2024-06-05,-34.81188160655444,-3.415228719783752,True
2024-06-06,-12.97955098405094,-1.3281624423486673,False
2024-06-07,-10.21460130645874,-1.0638464913544268,False
2024-06-08,-7.20949427735068,-0.7765726473943183,False
2024-06-09,-5.24373893208792,-0.5886558481426213,False
2024-06-10,0.2237799366526571,-0.0659872219893232,False
2024-06-11,2.6977066281563857,0.1705083249112906,False
2024-06-12,3.5694858300997527,0.25384624266295186,False
2024-06-13,5.145216712525921,0.404478570648812,False
2024-06-14,4.152206740678314,0.30955157172989145,False
2024-06-15,7.101588440506394,0.5914983410157396,False
2024-06-16,4.358044329550603,0.32922865970514864,False
2024-06-17,3.190366097533696,0.2176042114006892,False
2024-06-18,0.3373039119167544,-0.05513487349063125,False
2024-06-19,19.74125883273115,1.7997903135784938,False
2024-06-20,-7.149108459860759,-0.770800052360939,False
2024-06-21,-9.563320562851995,-1.001587170504667,False
2024-06-22,-12.949181081434013,-1.3252592250652389,False
2024-06-23,-11.83067459751856,-1.2183353604519815,False
2024-06-24,-12.603443233212156,-1.2922083421185941,False
2024-06-25,-13.075289506059608,-1.3373145866703464,False
2024-06-26,-10.993715341506425,-1.1383260628184255,False
2024-06-27,-9.518081777875732,-0.997262559257768,False
2024-06-28,-5.854263628110825,-0.6470190859774924,False
2024-06-29,-2.5720368747343136,-0.3332539231869222,False
2024-06-30,-2.307546751875786,-0.3079699337825241,False
2024-07-01,3.0275360789606585,0.20203844123194553,False
2024-07-02,4.852251851337961,0.3764725325930943,False
2024-07-03,9.466327902584768,0.8175561115561265,False
2024-07-04,8.292747848519085,0.705367477320884,False
2024-07-05,7.86348559523141,0.6643320611528517,False
2024-07-06,5.510018518792814,0.4393518767090576,False
2024-07-07,2.4531250208777324,0.14712749427720342,False
2024-07-08,3.1090591091350155,0.20983165259600614,False
2024-07-09,-1.925105811750792,-0.27141041097909385,False
2024-07-10,-27.613310363145217,-2.7270797746433018,False
2024-07-11,-5.9268500514528535,-0.6539580005155776,False
2024-07-12,-6.993385947539648,-0.7559137257601558,False
2024-07-13,-9.256921742983948,-0.9722969103190057,False
2024-07-14,-10.891962620270146,-1.1285989898457125,False
2024-07-15,-9.960605139039972,-1.039565673846512,False
2024-07-16,-7.541729892607348,-0.8083327815162511,False
2024-07-17,-7.063490076060543,-0.7626153447982134,False
2024-07-18,-4.235969441940246,-0.49231790994067687,False
2024-07-19,-0.8173519373325585,-0.1655144443518147,False
2024-07-20,2.634450283271015,0.1644613212025806,False
2024-07-21,7.2017500552119085,0.6010733118221022,False
2024-07-22,9.207395818113646,0.7928034440104715,False
2024-07-23,11.54989028088688,1.0167346991231618,False
2024-07-24,9.659492434176268,0.8360217159321258,False
2024-07-25,10.807505403005012,0.945766259230264,False
2024-07-26,8.022620431903986,0.6795445896239138,False
2024-07-27,6.121789790653331,0.49783428122557766,False
2024-07-28,4.725030149768061,0.36431074704232197,False
2024-07-29,3.3694285069227226,0.2347217204130761,False
2024-07-30,16.2724600440536,1.4681897574933633,False
2024-07-31,-3.191002901960545,-0.39242411186894494,False
2024-08-01,-7.407099078628412,-0.7954627202929453,False
2024-08-02,-8.077563606982123,-0.8595559191152977,False
2024-08-03,-7.785813040057562,-0.8316659617772938,False
2024-08-04,-8.42704376126827,-0.8929645486040623,False
2024-08-05,-4.939856265991592,-0.559606120210552,False
2024-08-06,-3.811962451335728,-0.4517848717237085,False
2024-08-07,-0.3124292478365302,-0.11724625273361045,False
2024-08-08,3.608556833269886,0.2575812434996419,False
2024-08-09,5.811283173684222,0.4681513353045998,False
2024-08-10,9.813657277104143,0.8507591367968136,False
2024-08-11,12.372589469805227,1.0953808026177134,False
2024-08-12,12.539942777418965,1.1113789775618872,False
2024-08-13,12.394115494589668,1.0974385875235784,False
2024-08-14,13.743710202940797,1.2264533799755208,False
2024-08-15,11.774161325641332,1.0381739372240038,False
2024-08-16,11.521606584962743,1.014030913211105,False
2024-08-17,5.01380218832293,0.39191597132895106,False
2024-08-18,4.47381314348465,0.3402956040327213,False
2024-08-19,1.3151590534297162,0.03834339620745711,False
2024-08-20,-2.3996595823156053,-0.31677547934951394,False
2024-08-21,-2.95022493278052,-0.36940689082581146,False
2024-08-22,-4.616157165611013,-0.5286620360391612,False
2024-08-23,-4.668009177606377,-0.5336188401259012,False
2024-08-24,-6.493956856902166,-0.7081706958902632,False
2024-08-25,-3.464046572998712,-0.41852577952615133,False
2024-08-26,-23.054696981621195,-2.291298161358438,False
2024-08-27,19.277190401163576,1.7554275934139068,False
2024-08-28,4.778068282301295,0.36938093857350685,False
2024-08-29,7.191150962366466,0.6000600892930185,False
2024-08-30,11.441237532311922,1.006348016573215,False
2024-08-31,13.096036920032068,1.1645389150964853,False
2024-09-01,14.857507587735016,1.332927077259281,False
2024-09-02,17.097101204716388,1.5470215041888007,False
2024-09-03,15.408316349703728,1.385581757709922,False
2024-09-04,12.38198798324628,1.09627925550394,False
2024-09-05,12.390479322129917,1.0970909868458998,False
2024-09-06,7.331657787481281,0.6134918690474134,False
2024-09-07,5.081478891285792,0.39838554010582705,False
2024-09-08,2.1499609698762843,0.11814646250757833,False
2024-09-09,-1.154644112691702,-0.1977579614094575,False
2024-09-10,-1.5318617281411604,-0.233818159382438,False
2024-09-11,-4.972432726575986,-0.5627202738709862,False
2024-09-12,-6.14767631260802,-0.675067933797459,False
2024-09-13,-5.562154935327124,-0.6190948935220101,False
2024-09-14,-3.483226282620243,-0.4203592679362634,False
2024-09-15,0.5096129273298635,-0.03866295660805772,False
2024-09-16,2.513778318696384,0.15292565914935205,False
2024-09-17,6.041607375470698,0.49016922623605297,False
2024-09-18,7.525552475210322,0.6320272728542784,False
2024-09-19,11.860291447735571,1.046407564517508,False
2024-09-20,12.594462157159956,1.116590769234134,False
2024-09-21,14.95141722073858,1.3419043885485313,False
2024-09-22,37.46949804405873,3.4945251019078123,True
2024-09-23,13.581755911698062,1.210971325146697,False
2024-09-24,12.221596868406838,1.0809466328550057,False
2024-09-25,9.578924213723466,0.8283197798059535,False
2024-09-26,4.949536748341608,0.3857725029604713,False
2024-09-27,4.95520618940911,0.38631447438205146,False
2024-09-28,0.872979328360363,-0.0039268684158962714,False
2024-09-29,-0.7702616123764161,-0.16101283474774783,False
2024-09-30,-5.531295316517072,-0.6161448617152099,False
2024-10-01,-5.200245701735019,-0.5844981035602499,False
2024-10-02,-4.277817546402814,-0.49631838836456,False
2024-10-03,-4.999107669112123,-0.5652702706616315,False
2024-10-04,-7.077400905798829,-0.7639451535181304,False
2024-10-05,-3.679470943599493,-0.4391193179345126,False
2024-10-06,-0.9230417324045048,-0.1756178827330712,False
2024-10-07,4.592067113987965,0.35160011742974184,False
2024-10-08,4.842251854577718,0.37551658078136924,False
2024-10-09,6.342709295739057,0.5189531281807818,False
2024-10-10,11.861344558846591,1.046508236897576,False
2024-10-11,11.347745417482184,0.9974106180223653,False
2024-10-12,12.487052186296903,1.1063228902832032,False
2024-10-13,13.0966303771185,1.1645956467525609,False
2024-10-14,10.080183386015255,0.8762377567198288,False
2024-10-15,7.821076865286585,0.6602779896170596,False
2024-10-16,3.4112887196407806,0.23872335632821137,False
2024-10-17,2.6370475915761022,0.1647096114410063,False
2024-10-18,-1.4555320111443926,-0.2265214038933142,False
2024-10-19,-3.932297911899674,-0.46328836560464864,False
2024-10-20,-7.363784050433232,-0.7913220109836455,False
2024-10-21,-10.629762359414825,-1.103533900285289,False
2024-10-22,-9.952774352012032,-1.038817088099329,False
2024-10-23,-9.212268836350368,-0.9680283062365655,False
2024-10-24,-6.99082085133587,-0.7556685148443884,False
2024-10-25,-4.648899809873475,-0.531792076063555,False
2024-10-26,-1.4705686977024084,-0.22795883913475604,False
2024-10-27,1.627127158890787,0.06816605343086865,False
2024-10-28,3.543201647614765,0.25133360066229327,False
2024-10-29,3.418033865124776,0.23936815994168958,False
2024-10-30,-15.588062312509065,-1.5775236361701295,False
2024-10-31,6.894181983469319,0.5716712767554454,False
2024-11-01,8.789225365812934,0.7528283509108364,False
2024-11-02,7.388666748144239,0.6189416527360427,False
2024-11-03,5.4054228165191445,0.42935302836095657,False
2024-11-04,3.908177157820788,0.2862235119874501,False
2024-11-05,1.0179326537396507,0.00992997547457501,False
2024-11-06,-0.2055059162343404,-0.10702489416605912,False
2024-11-07,-4.206632300535163,-0.4895134196843878,False
2024-11-08,-7.377494074147723,-0.7926326236091183,False
2024-11-09,-11.291896480984295,-1.1668307521038646,False
2024-11-10,-11.92915072429945,-1.2277492066826254,False
2024-11-11,-10.556328568605863,-1.0965139814744393,False
2024-11-12,-12.134247864019066,-1.2473555112640515,False
2024-11-13,-10.796021780271843,-1.1194275048928939,False
2024-11-14,-10.930569132627014,-1.13228958758457,False
2024-11-15,-6.050327690348712,-0.6657618716007482,False
2024-11-16,-2.5901883413142404,-0.3349891164853375,False
2024-11-17,-1.1070072967041475,-0.19320410987930856,False
2024-11-18,2.172240118441863,0.120276242441071,False
2024-11-19,5.8435377989052215,0.4712347230451953,False
2024-11-20,6.541772294314386,0.5379825977594189,False
2024-11-21,7.93836555558094,0.6714902268477271,False
2024-11-22,29.68895687822437,2.750742618572265,False
2024-11-23,4.577819237514763,0.35023808865569833,False
2024-11-24,2.795562694505624,0.17986289633342883,False
2024-11-25,0.5691613585179789,-0.032970411695844956,False
2024-11-26,-3.411217343418643,-0.4134755581170916,False
2024-11-27,-9.278038407716137,-0.9743155623638324,False
2024-11-28,-11.008842337711542,-1.1397721312297409,False
2024-11-29,-11.181767561449837,-1.1563029546778847,False
2024-11-30,-13.956810409199736,-1.4215837644145464,False
2024-12-01,-15.846380514669802,-1.6022176195060924,False
2024-12-02,-13.280275827512163,-1.3569102975560237,False
2024-12-03,-12.366452098579426,-1.2695531243273601,False
2024-12-04,-9.41231450619515,-0.9871517144836728,False
2024-12-05,-7.994047655279225,-0.8515721939949318,False
2024-12-06,-3.9100079964080674,-0.4611575564045782,False
2024-12-07,-1.0887575615528915,-0.19145952257597004,False
2024-12-08,2.8321213335826,0.183357727191653,False
2024-12-09,6.654274145829232,0.5487372361214647,False
2024-12-10,9.104588692400052,0.7829755750180649,False
2024-12-11,8.512525083923459,0.7263771287635747,False
2024-12-12,9.328950576893408,0.8044234969630183,False
2024-12-13,8.311073610639447,0.7071193324384628,False
2024-12-14,6.115462892359151,0.49722946004093815,False
2024-12-15,3.4684418844173264,0.24418692523967106,False
2024-12-16,0.307661485303937,-0.05796854755111785,False
2024-12-17,-1.8173194074114176,-0.26110654679013645,False
2024-12-18,-4.199599529775113,-0.4888411204716275,False
2024-12-19,-5.109820771760221,-0.57585391319629,False
2024-12-20,-5.625174388341852,-0.625119251502091,False
2024-12-21,-5.495379950343864,-0.6127115246666874,False
2024-12-22,-5.010907267188502,-0.5663982557429456,False
2024-12-23,-4.930447322322715,-0.5587066702444838,False
2024-12-24,-2.327635593824434,-0.309890330890313,False
2024-12-25,3.388121252853903,0.23650865742590313,False
2024-12-26,6.728386055025999,0.5558219798034549,False
2024-12-27,9.667564821569266,0.8367933975174602,False
2024-12-28,12.06252454010594,1.0657400798849952,False
2024-12-29,17.265372765937027,1.563107459781327,False
2024-12-30,17.780820893650635,1.6123818328988393,False
2024-12-31,17.35099960524837,1.5712929756504324,False
2025-01-01,19.974499552390977,1.8220870096547692,False
2025-01-02,16.819128544079504,1.520448648725254,False
2025-01-03,14.79283703304444,1.3267448818642278,False
2025-01-04,15.253177228580135,1.3707512005144282,False
2025-01-05,13.111270157409418,1.1659951396551984,False
2025-01-06,8.808408709530934,0.7546621867231714,False
2025-01-07,31.32954290826148,2.9075747881525613,False
2025-01-08,5.903272288798672,0.47694505427881567,False
2025-01-09,3.607855433837642,0.25751419307211953,False
2025-01-10,4.67481648716052,0.3595105613128753,False
2025-01-11,7.416412781843622,0.6215940407136632,False
2025-01-12,8.463483535477128,0.7216889915360248,False
2025-01-13,-12.000094952740993,-1.2345311352508184,False
2025-01-14,13.42122284947732,1.195625133007734,False
2025-01-15,-3.606459010398037,-0.4321397266911464,False
2025-01-16,0.801212760196017,-0.010787408724344456,False
2025-01-17,3.295974384736409,0.22769985801989512,False
2025-01-18,22.357664757433863,2.0499061930027414,False
2025-01-19,6.28639695154463,0.5135699376912439,False
2025-01-20,6.797777356519974,0.5624554559906528,False
2025-01-21,7.972165977126421,0.6747213853158913,False
2025-01-22,4.113550757896748,0.3058562448552902,False
2025-01-23,4.046953804699055,0.29948989498627704,False
2025-01-24,1.659025927205914,0.07121542295505473,False
2025-01-25,-0.471688871355971,-0.13247071022977114,False
2025-01-26,-5.7787519635574105,-0.639800532385235,False
2025-01-27,-6.228127449956555,-0.6827586773394405,False
2025-01-28,-11.070692993404975,-1.14568475778194,False
2025-01-29,-11.350890097649536,-1.172470259404063,False
2025-01-30,-10.950595239932262,-1.1342039875608143,False
2025-01-31,-11.021513928427431,-1.140983474632416,False
2025-02-01,-8.489962043589403,-0.8989792351502263,False
2025-02-02,-4.664469905780298,-0.5332805026848553,False
2025-02-03,-2.4843579478912297,-0.32487223757488404,False
2025-02-04,-0.4377810894437468,-0.12922928862457234,False
2025-02-05,0.8043608004545462,-0.010486471147995542,False
2025-02-06,6.760142094609186,0.5588577051442323,False
2025-02-07,8.886242773839701,0.7621027506127226,False
2025-02-08,9.403001269791863,0.8115023886599847,False
2025-02-09,12.266557756876528,1.0852446785264052,False
2025-02-10,10.118369701971524,0.8798881856946291,False
2025-02-11,9.29620074549167,0.8012927698825205,False
2025-02-12,6.658935231021488,0.5491828135492351,False
2025-02-13,3.4012435587264687,0.23776308703959684,False
2025-02-14,0.3816337892031352,-0.050897149467165,False
2025-02-15,17.100933951318158,1.5473878964132874,False
2025-02-16,-5.289574227591488,-0.5930374829399234,False
2025-02-17,-8.273984104886498,-0.8783327782817069,False
2025-02-18,-7.758908093539767,-0.8290939777072281,False
2025-02-19,-7.634017136550401,-0.8171550001790833,False
2025-02-20,-7.366085952160985,-0.7915420617676424,False
2025-02-21,-5.458197100743134,-0.6091570222710231,False
2025-02-22,-4.105284329256213,-0.4798250388697104,False
2025-02-23,-2.9787253314335835,-0.3721313924812121,False
2025-02-24,0.8805844873592905,-0.003199851628012286,False
2025-02-25,4.705207019243645,0.3624157506745013,False
2025-02-26,8.580903255601456,0.7329137545910857,False
2025-02-27,34.15088116276734,3.1772812171193068,True
2025-02-28,14.239342444665784,1.2738334492681487,False
2025-03-01,12.901329015673909,1.1459257716734417,False
2025-03-02,13.436062697847952,1.1970437514608951,False
2025-03-03,12.282039607831695,1.0867246693528312,False
2025-03-04,10.55293649445427,0.9214306904123354,False
2025-03-05,7.342076289992229,0.6144878280051602,False
2025-03-06,5.852224581944901,0.472065137912714,False
2025-03-07,1.2194235067366102,0.029191536311700274,False
2025-03-08,-0.8368029903552556,-0.16737387189192482,False
2025-03-09,-3.305816523322129,-0.4033997443599155,False
2025-03-10,-5.4719971692823055,-0.6104762427506135,False
2025-03-11,-5.044592930198228,-0.5696184438445391,False
2025-03-12,-5.536380164093419,-0.6166309487979859,False
2025-03-13,-1.7259135084584722,-0.25236858048860494,False
2025-03-14,-2.6481756736187623,-0.3405324278185969,False
2025-03-15,2.305046696596018,0.13297191545370793,False
2025-03-16,5.843869574889543,0.47126643924080047,False
2025-03-17,-17.76139591969169,-1.7852839234063387,False
2025-03-18,11.04244353059755,0.9682252193779601,False
2025-03-19,12.087334177502006,1.0681117624350638,False
2025-03-20,13.41468482500336,1.1950001291711496,False
2025-03-21,14.442660678439058,1.2932696989582517,False
2025-03-22,16.04252318403913,1.4462088945807772,False
2025-03-23,13.18301185523372,1.1728533024782142,False
2025-03-24,11.544209496586966,1.0161916433428728,False
2025-03-25,9.121059518855752,0.7845501071672687,False
2025-03-26,5.22431633035513,0.41204011539562807,False
2025-03-27,2.7065911552212265,0.17135764316084456,False
2025-03-28,-2.1330277900587373,-0.2912867566046412,False
2025-03-29,-2.065317508000725,-0.2848139778270408,False
2025-03-30,-3.9893645265070994,-0.4687436607343302,False
2025-03-31,-3.914174363441172,-0.46155584114497356,False
2025-04-01,-4.892869658875759,-0.5551144255354326,False
2025-04-02,-4.276197525382135,-0.49616352211141196,False
2025-04-03,-1.9060870607995848,-0.2695923094472176,False
2025-04-04,1.1410710695007809,0.0217014184522174,False
2025-04-05,4.4868103252376335,0.34153807237965933,False
2025-04-06,10.815806477096066,0.9465598021690136,False
2025-04-07,10.9099634189438,0.955560754999687,False
2025-04-08,12.809672141572928,1.137163813349391,False
2025-04-09,13.44296052541758,1.19770315075074,False
2025-04-10,13.62948927721522,1.2155344063496105,False
2025-04-11,13.015827122798472,1.15687124251399,False
2025-04-12,12.889398829695754,1.144785303013954,False
2025-04-13,11.847740105379426,1.0452077162822924,False
2025-04-14,6.98167838663635,0.5800355139779503,False
2025-04-15,3.441655013725694,0.24162622865325642,False
2025-04-16,0.5355107121286302,-0.036187252376184975,False
2025-04-17,-0.8240091470286044,-0.16615084172498884,False
2025-04-18,-3.5166486845865927,-0.4235542895425664,False
2025-04-19,-6.198351601188615,-0.6799122487597303,False
2025-04-20,-8.906300082293313,-0.9387791582833415,False
2025-04-21,-6.22780724947966,-0.6827280677069235,False
2025-04-22,-4.177290497610685,-0.48670848380916326,False
2025-04-23,-3.5575222200718537,-0.4274616038383157,False
2025-04-24,0.3629528230046199,-0.05268296039394892,False
2025-04-25,2.748082319443589,0.17532399980674276,False
2025-04-26,5.15552145077744,0.4054636542880443,False
2025-04-27,7.712672557954542,0.6499150568604343,False
2025-04-28,11.020803958022904,0.9661565798470022,False
2025-04-29,13.057699420562264,1.160874033701636,False
2025-04-30,11.17040804171337,0.9804580139648567,False
2025-05-01,12.181666678476846,1.0771294978777366,False
2025-05-02,9.393011470822843,0.810547411708275,False
2025-05-03,7.524893502723578,0.6319642782396118,False
2025-05-04,4.40985826185075,0.334181823555346,False
2025-05-05,2.9654808536088337,0.19610625879985402,False
2025-05-06,-1.0135893204433215,-0.18427379862068197,False
2025-05-07,-7.87437319068008,-0.8401318881634725,False
2025-05-08,-8.725523918385996,-0.9214978225442174,False
2025-05-09,-15.103814661030444,-1.531231879197265,False
2025-05-10,-10.169213095804633,-1.0595075957281548,False
2025-05-11,-8.92490502206186,-0.940557701447424,False
2025-05-12,-7.063108122994474,-0.7625788319138338,False
2025-05-13,-18.083963717935926,-1.816119860510008,False
2025-05-14,-7.148548133302631,-0.7707464878247453,False
2025-05-15,6.970944544650126,0.5790094100761672,False
2025-05-16,2.5342928192170606,0.15488674717863454,False
2025-05-17,7.664486264144051,0.6453086778812339,False
2025-05-18,11.077541441063486,0.9715804115747284,False
2025-05-19,13.414360091150094,1.1949690861695565,False
2025-05-20,-0.9643203397132752,-0.1795639199557221,False
2025-05-21,6.639374826242866,0.5473129325048192,False
2025-05-22,2.7626779316964045,0.17671927045640815,False
2025-05-23,0.3733838671858658,-0.05168580251256936,False
2025-05-24,2.423597771662991,0.14430483062452,False
2025-05-25,2.8607416498667178,0.18609369239843399,False
2025-05-26,-7.982133690887044,-0.8504332760413966,False
2025-05-27,-13.163612503766592,-1.3457578423732541,False
2025-05-28,-12.435855846760647,-1.2761877903582657,False
2025-05-29,-6.5577311023642615,-0.7142672084144741,False
2025-05-30,-18.7694563994062,-1.881649678817656,False
2025-05-31,-10.176221724222502,-1.0601775870485926,False
2025-06-01,-2.509957007888317,-0.32731938514596787,False
2025-06-02,-14.543472849607689,-1.4776658848616944,False
2025-06-03,-0.1831925091194621,-0.10489183927927842,False
2025-06-04,-11.306414924992028,-1.1682186458387702,False
2025-06-05,-7.1009341982065886,-0.7661948235982743,False
2025-06-06,3.0972560001476803,0.2087033318884145,False
2025-06-07,3.0358635253784403,0.20283450523886312,False
2025-06-08,3.3144773148056434,0.2294686495451313,False
2025-06-09,6.09643113357046,0.4954101150220782,False
2025-06-10,-7.419114998673994,-0.7966113847187964,False
2025-06-11,5.220059559686568,0.4116331885005227,False
2025-06-12,-4.313321794837537,-0.49971242452565634,False
2025-06-13,-2.8392006084781585,-0.35879349699109014,False
2025-06-14,-5.468825090999815,-0.6101730072542646,False
2025-06-15,-6.732610747603792,-0.7309848652006457,False
2025-06-16,-8.944791652203714,-0.9424587680746446,False
2025-06-17,-11.455404644851722,-1.182461349715889,False
2025-06-18,-15.178274540570566,-1.5383498871780477,False
2025-06-19,-15.515194672711726,-1.570557838685341,False
2025-06-20,-14.07783125796676,-1.43315277812616,False
2025-06-21,-11.45760107821006,-1.1826713182287374,False
2025-06-22,-9.323142306590569,-0.9786272791452117,False
2025-06-23,-8.130811272285827,-0.8646461409761266,False
2025-06-24,-2.0353983333572057,-0.2819538479798491,False
2025-06-25,-1.3358511924957337,-0.21508049064514365,False
2025-06-26,2.588275111931031,0.1600471959025939,False
2025-06-27,4.598781179535493,0.3522419499501,False
2025-06-28,3.703392864106656,0.26664711398628627,False
2025-06-29,4.587660478522576,0.3511788641775909,False
2025-06-30,6.9820624624380185,0.5800722297856897,False
2025-07-01,3.6619077558410846,0.2626813362608622,False
2025-07-02,-12.955979561329876,-1.325909127193134,False
2025-07-03,-2.7046275349747586,-0.34592895548079255,False
2025-07-04,-6.517241105110307,-0.7103965585373115,False
2025-07-05,-8.280136853986267,-0.8789209516371622,False
2025-07-06,-10.027266155444485,-1.0459381478513718,False
2025-07-07,-13.03256136868921,-1.3332299813139465,False
2025-07-08,-30.9196207288606,-3.043147215464577,True
2025-07-09,-14.31193863836393,-1.4555323228194774,False
2025-07-10,-14.07290752977775,-1.4326820932853968,False
2025-07-11,-11.781945856869513,-1.2136771261521733,False
2025-07-12,-9.885688338661074,-1.032403986421214,False
2025-07-13,-8.209031051459476,-0.8721235773600129,False
2025-07-14,-3.817649990068273,-0.4523285731954178,False
2025-07-15,-0.4270270911152307,-0.12820125787297199,False
2025-07-16,1.8299354532402616,0.08755355535357362,False
2025-07-17,3.228904305086689,0.22128827952732985,False
2025-07-18,3.398828187349978,0.23753218910045698,False
2025-07-19,5.651873003378952,0.4529124862565103,False
2025-07-20,6.547497800980253,0.5385299287837688,False
2025-07-21,1.5676614510341187,0.06248141647307475,False
2025-07-22,20.059978314450067,1.8302583700475317,False
2025-07-23,-0.844950789464084,-0.1681527624762321,False
2025-07-24,-5.236949261624732,-0.5880067881543114,False
2025-07-25,-6.219925169450542,-0.6819745785944116,False
2025-07-26,-9.314776517486363,-0.9778275497610514,False
2025-07-27,-11.186493971642102,-1.1567547768628892,False
2025-07-28,-13.656277026384911,-1.3928542119282994,False
2025-07-29,-13.357333475850828,-1.3642766397962016,False
2025-07-30,-11.282698614001426,-1.1659514800583735,False
2025-07-31,-11.782054173465188,-1.2136874807001155,False
2025-08-01,-7.5121370834020125,-0.8055038506423586,False
2025-08-02,-5.5172558918248,-0.6148027599333862,False
2025-08-03,-3.4250009266199286,-0.4147932026773097,False
2025-08-04,0.3280698578629376,-0.056017604846846106,False
2025-08-05,3.840784720869229,0.2797811176802298,False
2025-08-06,4.105786423230372,0.3051140116357085,False
2025-08-07,8.889160040859085,0.7623816273723184,False
2025-08-08,7.588607324960963,0.6380550145928381,False
2025-08-09,6.501057066226318,0.5340904168928879,False
2025-08-10,7.081103571276183,0.5895400855959555,False
2025-08-11,4.5039686639167815,0.3431783274057145,False
2025-08-12,0.2702072216106366,-0.06154899583454005,False
2025-08-13,-1.957107582355663,-0.27446962702901917,False
2025-08-14,-3.705055533756666,-0.4415650822581802,False
2025-08-15,-4.524611429634497,-0.519910701987696,False
2025-08-16,-7.735115209336534,-0.8268194918943255,False
2025-08-17,-9.670667812853836,-1.011849053641564,False
2025-08-18,-10.860850551478135,-1.1256248250293315,False
2025-08-19,-10.636323738446077,-1.1041611367057325,False
2025-08-20,-8.331704486151027,-0.8838505703736663,False
2025-08-21,-6.23468295977148,-0.683385352690904,False
2025-08-22,-3.4445852232252,-0.4166653676659627,False
2025-08-23,-0.6000072352219735,-0.14473733144538872,False
2025-08-24,3.9096168147400814,0.2863611362960632,False
2025-08-25,6.652734094931166,0.548590014629153,False
2025-08-26,8.812485308923996,0.7550518901069734,False
2025-08-27,10.40622609125661,0.9074058782950648,False
2025-08-28,8.184057131080436,0.6949771651293578,False
2025-08-29,12.742342677641272,1.1307274389613675,False
2025-08-30,9.219487388768774,0.793959340272391,False
2025-08-31,6.169506662708986,0.5023957857325401,False
2025-09-01,5.493456250966103,0.43776860320259353,False
2025-09-02,1.4248167477911318,0.048826146763052636,False
2025-09-03,-0.7873942896923739,-0.162650636670345,False
2025-09-04,-5.533182121265536,-0.6163252312154118,False
2025-09-05,-6.185534887618936,-0.6786870323070604,False
2025-09-06,-7.562405694496505,-0.8103092891840724,False
2025-09-07,-8.672208642985645,-0.9164011374818566,False
2025-09-08,-5.86370129386499,-0.6479212816373968,False
2025-09-09,-6.194253658271095,-0.67952050503718,False
2025-09-10,-3.802460454495829,-0.4508765263200159,False
2025-09-11,0.1873210395227483,-0.06947251799495789,False
2025-09-12,4.027595530477349,0.29763933665533004,False
2025-09-13,5.571333730692264,0.4452133173981807,False
2025-09-14,8.465412064576164,0.7218733496843711,False
2025-09-15,31.293041093689705,2.904085389444967,False
2025-09-16,12.319142288227306,1.0902715079563248,False
2025-09-17,-10.608167373204676,-1.1014695229973042,False
2025-09-18,14.93825631852764,1.3406462693096828,False
2025-09-19,10.717578716621896,0.93716969856815,False
2025-09-20,10.327755101863913,0.8999044274169962,False
2025-09-21,8.339691678993368,0.7098550827538799,False
2025-09-22,3.5827111213927205,0.2551105171897565,False
2025-09-23,1.759782077523843,0.08084722851941259,False
2025-09-24,-0.9613745770109388,-0.1792823191452692,False
2025-09-25,-3.228452817235298,-0.3960041444643736,False
2025-09-26,-5.401997537476729,-0.6037846130982252,False
2025-09-27,-5.6100165071669,-0.6236702306355326,False
2025-09-28,-4.735302742920994,-0.540051782778013,False
2025-09-29,-4.504173272891681,-0.5179569120580538,False
2025-09-30,-2.0547424841534427,-0.28380305617894225,False
2025-10-01,3.476876536942246,0.24499323763714356,False
2025-10-02,20.714426593966024,1.8928204921645035,False
2025-10-03,21.17527311665951,1.9368752132667673,False
2025-10-04,25.66206284955253,2.3657908296238634,False
2025-10-05,29.26732055025827,2.7104362043531363,False
2025-10-06,29.416542668549116,2.724701124407583,False
2025-10-07,30.0023147496232,2.780698130765326,False
2025-10-08,27.60570427234328,2.551593643765534,False
2025-10-09,27.619735793018904,2.552934989961209,False
2025-10-10,52.75508667138145,4.955754189467879,True
2025-10-11,21.408804277100025,1.959199674091087,False
2025-10-12,20.522140879579112,1.874438898505612,False
2025-10-13,16.02551870965075,1.4445833482442392,False
2025-10-14,14.477818494336898,1.2966306178274916,False
2025-10-15,11.937072010842622,1.053747418736188,False
2025-10-16,10.253988734219382,0.8928527158529962,False
2025-10-17,10.041005675021076,0.8724925551260617,False
2025-10-18,11.846691405972956,1.0451074656400565,False
2025-10-19,11.336789891514044,0.9963633221933025,False
2025-10-20,38.33076124593486,3.5768577404021493,True
2025-10-21,16.811684320493313,1.519737016592292,False
2025-10-22,19.137978150327,1.742119568762275,False
2025-10-23,22.58854779289536,2.071977505757911,False
2025-10-24,23.85254681735692,2.192809760649902,False
2025-10-25,27.079023473866663,2.5012454811034988,False
2025-10-26,28.79694746777402,2.6654707897466814,False
2025-10-27,29.48271969559253,2.7310273313467928,False
2025-10-28,27.425966431079956,2.5344115666998355,False
2025-10-29,26.60691554122377,2.4561142231280924,False
2025-10-30,23.985586915564408,2.205527757061577,False
2025-10-31,22.5732603885657,2.070516103097901,False
2025-11-01,19.383575227243448,1.7655974734318116,False
2025-11-02,16.713322921423472,1.510334137781525,False
2025-11-03,13.42886799273573,1.196355972099386,False
2025-11-04,10.690710032833293,0.9346011810413744,False
2025-11-05,10.846666599466085,0.9495098821137354,False
2025-11-06,9.588320880608835,0.8292180561702978,False
2025-11-07,9.68101895195063,0.8380795479654667,False
2025-11-08,11.218956961549091,0.9850990582558674,False
2025-11-09,11.8189865567732,1.0424590147034152,False
2025-11-10,15.350329242271524,1.3800384678733797,False
2025-11-11,17.894029332964156,1.623204017671397,False
2025-11-12,21.049703260607977,1.9248713362387504,False
2025-11-13,10.096665086850663,0.8778133284076677,False
2025-11-14,-6.742907820570828,-0.7319692160753817,False
2025-11-15,10.68178968983075,0.9337484389596576,False
2025-11-16,10.459872960710156,0.9125342621612863,False
2025-11-17,12.093102667518837,1.0686632024619678,False
2025-11-18,10.3889220956713,0.905751699166165,False
2025-11-19,8.019552259593574,0.6792512870410087,False
2025-11-20,3.8461118221748793,0.2802903630596509,False
2025-11-21,2.008870083777333,0.10465884931950041,False
2025-11-22,-2.1085313789910267,-0.28894501699188047,False
2025-11-23,13.552578841071078,1.2081821368903982,False
2025-11-24,-7.309389391787659,-0.786122142050974,False
2025-11-25,-8.447292274970394,-0.894900209566998,False
2025-11-26,-9.106839331704226,-0.9579497503737824,False
2025-11-27,-6.588919714251759,-0.7172486903843062,False
2025-11-28,-7.981951005648152,-0.8504158122072293,False
2025-11-29,-5.132260203456204,-0.5779990154296367,False
2025-11-30,-3.484585102864405,-0.4204891646457683,False
2025-12-01,0.4898335224822001,-0.040553773010533076,False
2025-12-02,2.7513875776144574,0.17563996666277445,False
2025-12-03,5.956713639484447,0.48205379153483263,False
2025-12-04,7.520505094546524,0.6315447674289562,False
2025-12-05,9.961960484243832,0.8649362133448245,False
2025-12-06,8.241427552984172,0.7004615027819808,False
2025-12-07,10.49201197235398,0.915606597797445,False
2025-12-08,7.550757005028698,0.6344367052292316,False
2025-12-09,4.363169591087604,0.32971861016906673,False
2025-12-10,2.0658541569784994,0.1101062538859401,False
2025-12-11,-1.3491700250299972,-0.2163537072667541,False
2025-12-12,-5.049267641021681,-0.5700653238174143,False
2025-12-13,-8.076717456428542,-0.8594750311736232,False
2025-12-14,-10.02317656018412,-1.045547202124878,False
2025-12-15,-12.423801316411472,-1.2750354349722517,False
2025-12-16,-12.27099204046652,-1.2604275998208705,False
2025-12-17,-13.005667205281991,-1.330659028057624,False
2025-12-18,-11.18887927326942,-1.1569828002779778,False
2025-12-19,-11.260666972463833,-1.163845360611728,False
2025-12-20,-5.214178096517825,-0.5858299737951728,False
2025-12-21,-2.650561061209201,-0.3407604594513482,False
2025-12-22,0.4378652295625731,-0.04552169299689615,False
2025-12-23,3.2783596073201875,0.22601596963593903,False
2025-12-24,6.812340920849946,0.5638476630123352,False
2025-12-25,5.317051555296352,0.42090515889701624,False
2025-12-26,6.139787126811493,0.49955474039362663,False
2025-12-27,7.046082631550692,0.5861922514334488,False
2025-12-28,2.9315619328609106,0.19286377237529354,False
2025-12-29,0.8721083518317165,-0.00401012960192383,False
2025-12-30,-1.3768463811948537,-0.21899943440567976,False
2025-12-31,-3.394308721910325,-0.41185917485695767,False
2026-01-01,-7.735125193353646,-0.8268204463185593,False
2026-01-02,-10.184058535319702,-1.0609267486679543,False
2026-01-03,-11.702397493195935,-1.2060726834511664,False
2026-01-04,-14.328152581770944,-1.457082298179146,False
2026-01-05,-14.471962891479285,-1.4708298752440703,False
2026-01-06,-14.622604687643836,-1.4852305097060283,False
2026-01-07,-11.861291788164316,-1.2212622172869865,False
2026-01-08,-9.747496829917669,-1.0191935398265222,False
2026-01-09,-7.017978007559027,-0.7582646089547427,False
2026-01-10,-4.807776537079785,-0.5469799305054333,False
2026-01-11,-1.3825404965707822,-0.21954376457300856,False
2026-01-12,3.2889629890147267,0.2270296021584621,False
2026-01-13,3.782998072074215,0.27425699072963544,False
2026-01-14,3.359872246416656,0.23380818766270456,False
2026-01-15,5.684279571675428,0.4560103990276397,False
2026-01-16,4.7868065038870045,0.37021627071974555,False
2026-01-17,3.834512566182805,0.27918152972238713,False
2026-01-18,-0.1518401648762322,-0.10189470528016543,False
2026-01-19,-1.9825921482236808,-0.27690582950954545,False
2026-01-20,-5.2172006231974,-0.5861189128743146,False
2026-01-21,-9.89156714986568,-1.032965972625467,False
2026-01-22,-10.318343172890875,-1.073763717084121,False
2026-01-23,-12.873020016870806,-1.3179785919412799,False
2026-01-24,-14.11952670900498,-1.437138663613558,False
2026-01-25,-16.753144863683477,-1.6888999498137953,False
2026-01-26,-15.277278437812274,-1.547814185737856,False
2026-01-27,-14.06347025710106,-1.4317799352018168,False
2026-01-28,-11.35221946239954,-1.172597340309355,False
2026-01-29,-6.83233484032702,-0.7405180110002942,False
2026-01-30,-4.154756977453834,-0.4845543871694397,False
2026-01-31,-0.2162201505112511,-0.10804912366471058,False
2026-02-01,2.557435205690024,0.15709904852301354,False
2026-02-02,5.019091635246778,0.3924216171297557,False
2026-02-03,5.09790062013231,0.39995537875866527,False
2026-02-04,5.136158803611652,0.4036126779245801,False
2026-02-05,4.600950461234519,0.35244932289431635,False
2026-02-06,4.019969212713175,0.29691029719079354,False
2026-02-07,2.3187426771975126,0.13428118562481467,False
2026-02-08,-1.5084966499222496,-0.23158456977336264,False
2026-02-09,-3.6113708364197232,-0.4326092737416992,False
2026-02-10,-6.109144404558065,-0.6713844678731475,False
2026-02-11,-9.81844192613572,-1.0259755513499946,False
2026-02-12,-12.322615129197,-1.2653625199395393,False
2026-02-13,-12.115173493230865,-1.2455320927420586,False
2026-02-14,-35.21242246890303,-3.453518508491919,True
2026-02-15,-14.458359358473714,-1.469529442620508,False
2026-02-16,-9.350908048104538,-0.9812815510955483,False
2026-02-17,-9.635763445980633,-1.0085123632856021,False
2026-02-18,-4.8339995207429,-0.5494867221917321,False
2026-02-19,-2.612577492557812,-0.3371294121481692,False
2026-02-20,-0.6968151640246824,-0.15399170593641143,False
2026-02-21,3.771231597205857,0.27313217206841905,False
2026-02-22,4.98966218467012,0.3896083025586271,False
2026-02-23,7.452257175112081,0.6250205930922998,False
2026-02-24,8.869170497880551,0.7604707227706432,False
2026-02-25,9.03374629171453,0.7762033806958107,False
2026-02-26,5.964354733575566,0.482784243545478,False
2026-02-27,3.186341269646854,0.21721945712500737,False
2026-02-28,0.5521964361519993,-0.03459217704841088,False
2026-03-01,-1.7157440728176805,-0.25139643113114846,False
2026-03-02,15.438413639467704,1.3884589145098398,False
2026-03-03,-8.938421044140123,-0.9418497684453255,False
2026-03-04,-7.551195853970089,-0.8092376821008601,False
2026-03-05,-10.104079139160383,-1.0532811013250325,False
2026-03-06,-11.342497349353264,-1.1716679528502176,False
2026-03-07,-12.075004048392229,-1.2416920861410412,False
2026-03-08,-10.188662351613614,-1.0613668514632384,False
2026-03-09,-7.216272742955351,-0.777220636251801,False
2026-03-10,-1.9729715720937904,-0.27598614849347036,False
2026-03-11,-0.4271150563351433,-0.12820966692683075,False
2026-03-12,4.872950487808897,0.378451223137605,False
2026-03-13,6.781020906742711,0.5608536196194311,False
2026-03-14,9.269194466930673,0.798711098954288,False
2026-03-15,10.093070551693051,0.8774697080567201,False
2026-03-16,10.815602993646896,0.9465403501255226,False
2026-03-17,10.327124254843184,0.8998441214622199,False
2026-03-18,9.157855453646045,0.7880676223595479,False
2026-03-19,6.115520346008252,0.4972349523347123,False
2026-03-20,4.692473354238492,0.36119847326697546,False
2026-03-21,2.027954726800281,0.10648324981795321,False
2026-03-22,0.7395255986052964,-0.01668440602311102,False
2026-03-23,-4.832648045478802,-0.5493575276271546,False
2026-03-24,-6.623262919641825,-0.7205317363892414,False
2026-03-25,-5.600171710080991,-0.6227291151695998,False
2026-03-26,-7.483693827182193,-0.8027848115299863,False
2026-03-27,-6.485350474791868,-0.7073479669666453,False
2026-03-28,-5.675403487298819,-0.6299209128726356,False
2026-03-29,-4.912760005493302,-0.557015847439935,False
2026-03-30,0.2077221536824509,-0.06752226915890687,False
2026-03-31,1.1720659449280193,0.02466438014403118,False
2026-04-01,6.776996165389963,0.5604688736159944,False
2026-04-02,7.020978681700745,0.5837924340219148,False
2026-04-03,11.14081855694914,0.9776294008916169,False
2026-04-04,14.071769854739593,1.2578143119847967,False
2026-04-05,14.710873772864346,1.3189095866193767,False
2026-04-06,14.280896115806923,1.2778057812762078,False
2026-04-07,10.64178099268955,0.9299237990688783,False
2026-04-08,9.50167080622327,0.8209347239271999,False
2026-04-09,8.173099378756568,0.6939296564713469,False
2026-04-10,4.529334312261392,0.3456031619403632,False
2026-04-11,2.175584808837935,0.12059597882903629,False
2026-04-12,-1.9464332221365768,-0.2734492092993845,False
2026-04-13,-4.220808739023594,-0.49086861932912207,False
2026-04-14,-5.172712758087757,-0.5818660859713677,False
2026-04-15,-6.17797368888464,-0.6779642179099997,False
2026-04-16,-5.086435831246233,-0.5736184248469031,False
2026-04-17,-3.340938268728178,-0.4067572150628404,False
2026-04-18,-2.3114687396652074,-0.30834485703727615,False
2026-04-19,0.4837173180939733,-0.041138452866535766,False
2026-04-20,4.581503753079806,0.35059031070278296,False
2026-04-21,8.955939895905745,0.7687654617823849,False
2026-04-22,8.398911618418982,0.715516225426369,False
2026-04-23,14.563834107272353,1.3048532985936694,False
2026-04-24,15.798310713129212,1.4228633516161688,False
2026-04-25,15.34624988438709,1.37964850079101,False
2026-04-26,15.704070338437925,1.413854423005116,False
2026-04-27,12.694227346897623,1.1261278437115962,False
2026-04-28,-7.163644973629173,-0.7721896734784506,False
2026-04-29,7.622587724246707,0.6413033780712639,False
2026-04-30,4.934023241363676,0.38428948596983337,False
2026-05-01,1.3683178412659251,0.04342512180792605,False
2026-05-02,-0.375055024684416,-0.1232329771570064,False
2026-05-03,-2.333051504623544,-0.31040806603210164,False
2026-05-04,-4.774681575517596,-0.5438162106340303,False
2026-05-05,-4.342381588620648,-0.5024904016771856,False
2026-05-06,-4.53554796910459,-0.5209561827984501,False
2026-05-07,-2.7781825724128955,-0.35296046488888005,False
2026-05-08,-0.437408379294231,-0.12919365931876153,False
2026-05-09,1.932644381080452,0.0973720370994402,False
2026-05-10,4.408886057054227,0.33408888543157594,False
2026-05-11,8.284440419442651,0.7045733268759591,False
2026-05-12,10.24796930502127,0.8922772872418226,False
2026-05-13,11.924354528180489,1.0525316882831761,False
2026-05-14,12.81775111019559,1.1379361240687715,False
2026-05-15,14.709156342856511,1.3187454085334371,False
2026-05-16,14.190622498187285,1.2691760556489393,False
2026-05-17,10.887693881532616,0.9534318938465377,False
2026-05-18,9.70651523360194,0.8405168704187821,False
2026-05-19,22.181077922073136,2.033025337014766,False
2026-05-20,5.448309805972727,0.43345281921594786,False
2026-05-21,1.3288130205609412,0.03964865009196058,False
2026-05-22,-1.4387688126378086,-0.2249189223758815,False
2026-05-23,-3.4347915979352344,-0.415729143978719,False
2026-05-24,-5.6975434406445125,-0.6320373864095541,False
2026-05-25,-6.406074239151774,-0.6997695384027293,False
2026-05-26,-6.153140805649818,-0.6755903131690436,False
2026-05-27,-22.522408486399712,-2.240413929736444,False
2026-05-28,-2.44863355430361,-0.3214571565911943,False
2026-05-29,-1.1354060415000675,-0.1959188939126704,False
2026-05-30,3.213924845297401,0.21985631489098487,False
2026-05-31,5.061611680798069,0.3964863299045628,False
2026-06-01,8.493088210514417,0.7245190567266401,False
2026-06-02,10.969999979357771,0.9612999627287986,False
2026-06-03,11.71629341653806,1.0326420421770026,False
2026-06-04,11.662268512995574,1.0274775200618516,False
2026-06-05,10.51788105676979,0.9180795584101206,False
2026-06-06,10.49940848867683,0.9163136693444474,False
2026-06-07,8.605213181692967,0.7352376671329851,False
2026-06-08,27.653276329907712,2.5561413047004864,False
2026-06-09,2.407988775206346,0.1428126852969071,False
2026-06-10,-2.5868709645823618,-0.3346719911528952,False
2026-06-11,-6.409711443862321,-0.7001172377586417,False
2026-06-12,-7.457409201663357,-0.800272127177413,False
2026-06-13,-8.47407442230985,-0.8974604546235593,False
2026-06-14,-10.719882045938494,-1.112148910836783,False
2026-06-15,-8.399041765504116,-0.8902876918785596,False
2026-06-16,-7.479310950375048,-0.8023658294918106,False
2026-06-17,-3.4116130683233696,-0.41351338752330924,False
2026-06-18,-3.2582302262943386,-0.3988507222004425,False
2026-06-19,0.5658163208355456,-0.03329018128272362,False
2026-06-20,2.5933738581944894,0.16053461163331273,False
2026-06-21,6.26026393437338,0.5110717463708208,False
2026-06-22,8.01014554283573,0.6783520499569731,False
2026-06-23,8.282707894364787,0.7044077057735976,False
2026-06-24,8.57347631076678,0.7322037742240404,False
2026-06-25,6.979992613838455,0.5798743621697106,False
2026-06-26,6.821962355473158,0.5647674260962614,False
2026-06-27,2.293624487839854,0.1318800069845204,False
2026-06-28,-20.08764966832578,-2.0076626440055434,False
2026-06-29,-2.478686911314885,-0.32433011363029746,False
2026-06-30,-5.021032094585806,-0.5673661407659024,False
2026-07-01,-7.1914509635169575,-0.7748477929806203,False
2026-07-02,-11.192783855639693,-1.1573560596579942,False
2026-07-03,-11.685448584210736,-1.2044524489011332,False
2026-07-04,-12.443593709780066,-1.2769274930151406,False
2026-07-05,-11.197789520604813,-1.1578345772622516,False
2026-07-06,-10.486775080443008,-1.0898650010182231,False
2026-07-07,-6.948016293977865,-0.7515766041030613,False
2026-07-08,-6.16620344407796,-0.6768390388607296,False
2026-07-09,-4.241977873236503,-0.49289228720508943,False
2026-07-10,0.162829127986555,-0.07181382747404871,False
2026-07-11,4.390299559328741,0.33231210523851207,False
2026-07-12,6.872981909437488,0.5696446511809246,False
2026-07-13,4.493496980447816,0.342177284603004,False
2026-07-14,7.057056608962859,0.5872413111322177,False
2026-07-15,5.674540335831901,0.4550793747110667,False
2026-07-16,3.275548985968963,0.225747287691615,False
2026-07-17,2.908029784807016,0.1906142116899002,False
2026-07-18,-2.3003140180283568,-0.307278519056005,False
2026-07-19,-2.187346001808085,-0.29647931758005036,False
2026-07-20,-26.24503801291436,-2.596279489053535,False
2026-07-21,-10.176201304479052,-1.0601756350188856,False
2026-07-22,-13.54150567888719,-1.3818826206163128,False
2026-07-23,-16.092991819800783,-1.6257924795369594,False
2026-07-24,-30.554274986919467,-3.0082219117581603,True
2026-07-25,-12.62625763115156,-1.2943892893295272,False
2026-07-26,-11.370726876836695,-1.174366560518694,False
2026-07-27,-10.37785998337914,-1.0794532392088236,False
2026-07-28,-8.98823651202367,-0.9466118886656577,False
2026-07-29,-5.269854261136124,-0.5911523485631694,False
2026-07-30,-0.30866958560484,-0.11688684702498586,False
2026-07-31,-20.623601990255512,-2.0588971199189676,False
2026-08-01,4.6870533902749605,0.360680350662074,False
2026-08-02,5.407430689087763,0.42954497136510983,False
2026-08-03,5.878328423151748,0.4745605401506306,False
2026-08-04,4.130795668097932,0.30750477570435997,False
2026-08-05,4.699543642025946,0.3618743589279294,False
2026-08-06,0.2424225527415735,-0.06420507714940209,False
2026-08-07,-2.6790969374752884,-0.34348835259669225,False
2026-08-08,-6.139419423003871,-0.6742786146841087,False
2026-08-09,16.752043491226612,1.514035638866155,False
2026-08-10,-10.593461489936892,-1.1000637109665696,False
2026-08-11,-11.721443515172364,-1.2078933919624841,False
2026-08-12,-13.15946379607548,-1.345361245781403,False
2026-08-13,-14.050698785299335,-1.4305590436455522,False
2026-08-14,-15.392396895899171,-1.5588189591602517,False
2026-08-15,-12.501432821145526,-1.2824566351362865,False
2026-08-16,-9.552505467183122,-1.0005532991398538,False
2026-08-17,-8.850803684426312,-0.9334739683560712,False
2026-08-18,-3.8557969036907633,-0.45597523549576185,False
2026-08-19,-1.2578049976692478,-0.20761964809374914,False
2026-08-20,0.8390284568337232,-0.0071724091819263015,False
2026-08-21,4.2227284618650645,0.3162931106274308,False
2026-08-22,5.081701628766787,0.39840683274257493,False
2026-08-23,6.239756156299062,0.5091113009752241,False
2026-08-24,5.135809807562826,0.4035793155732555,False
2026-08-25,3.665082059985429,0.2629847845389473,False
2026-08-26,1.960326165984724,0.10001828319986195,False
2026-08-27,-1.9402309656793375,-0.27285630327758914,False
2026-08-28,-3.704780539810424,-0.4415387941535512,False
2026-08-29,-7.483495235179797,-0.8027658270853874,False
2026-08-30,-8.147543946435933,-0.8662457045112262,False
2026-08-31,10.436884395634726,0.9103366654060366,False
2026-09-01,-13.361573410464883,-1.364681957245105,False
2026-09-02,-13.009610908866422,-1.331036027238407,False
2026-09-03,-12.456721018563156,-1.2781824008831275,False
2026-09-04,-10.10907119251992,-1.0537583177249668,False
2026-09-05,-7.524504555927214,-0.8066861218020784,False
2026-09-06,-7.2816472703281985,-0.7834701280647591,False
2026-09-07,-3.2972761773898025,-0.40258332817873993,False
2026-09-08,0.530254951399683,-0.03668967793804171,False
2026-09-09,2.5667871813157728,0.1579930526169135,False
2026-09-10,5.604359998730573,0.4483704704975955,False
2026-09-11,8.375052178770776,0.7132353772315848,False
2026-09-12,6.904765135935817,0.5726829754606223,False
2026-09-13,7.076260557363475,0.5890771166535584,False
2026-09-14,5.920210081112238,0.4785642261282656,False
2026-09-15,3.0549104970137666,0.2046553045330245,False
2026-09-16,1.4680952909758944,0.052963368280041494,False
2026-09-17,-0.933654956593258,-0.17663245615091663,False
2026-09-18,-3.625438859095664,-0.4339541093538387,False
2026-09-19,-8.086325803737624,-0.8603935431729789,False
2026-09-20,-9.06677718384598,-0.9541200008503679,False
2026-09-21,-10.46117350241008,-1.087417612734969,False
2026-09-22,-11.06605834910144,-1.1452417079765362,False
2026-09-23,-8.551311594450869,-0.9048439584797081,False
2026-09-24,-7.030300732181278,-0.759442602429187,False
2026-09-25,-7.233011480590262,-0.7788207794270171,False
2026-09-26,-3.43333442182725,-0.4155898449195465,False
